gid,R_kpc,Vpred_kms
CamB,1.4700,33.0331
CamB,1.7900,32.8325
D512-2,1.9200,38.2914
D564-8,1.0200,22.7590
D564-8,1.5300,26.4782
D564-8,2.0400,28.6803
D564-8,2.5600,30.0538
D564-8,3.0700,30.9571
D631-7,1.3500,42.3296
D631-7,1.8000,47.0763
D631-7,2.2500,49.7587
D631-7,2.6900,51.8827
D631-7,3.1400,53.1640
D631-7,3.5900,54.1760
D631-7,4.0400,54.9505
D631-7,4.4900,55.3247
D631-7,4.9400,55.6268
D631-7,5.3900,55.6994
D631-7,5.8400,55.6998
D631-7,6.2900,55.6167
D631-7,6.7400,55.4864
D631-7,7.1900,55.2939
DDO064,1.8800,46.0992
DDO064,2.0800,48.2979
DDO064,2.2700,49.5800
DDO154,0.9900,28.8336
DDO154,1.4800,33.5629
DDO154,1.9700,37.7055
DDO154,2.4700,40.8041
DDO154,2.9600,43.9347
DDO154,3.4600,47.0970
DDO154,3.9500,48.7841
DDO154,4.4400,49.3811
DDO154,4.9400,49.7122
DDO154,5.4300,49.7537
DDO154,5.9200,49.6983
DDO161,1.5400,43.2443
DDO161,2.0200,50.1374
DDO161,2.4900,55.3007
DDO161,2.9600,59.0305
DDO161,3.4300,61.8203
DDO161,3.9000,64.3829
DDO161,4.3700,66.4700
DDO161,4.8600,68.4211
DDO161,5.3400,70.1738
DDO161,5.8100,71.6660
DDO161,6.2800,73.2602
DDO161,6.7500,74.8206
DDO161,7.2200,76.5212
DDO161,7.6900,78.3967
DDO161,8.1600,80.2737
DDO161,8.6400,81.8157
DDO161,9.1100,83.3483
DDO161,9.5800,84.3302
DDO161,10.0500,85.1094
DDO161,10.5200,85.1252
DDO161,10.9900,84.9178
DDO161,11.4600,84.4670
DDO161,11.9400,83.9846
DDO161,12.4100,83.4394
DDO161,12.9000,83.0817
DDO161,13.3700,82.4452
DDO168,0.8200,36.0661
DDO168,1.2400,42.1491
DDO168,1.6400,45.1437
DDO168,2.0600,49.5661
DDO168,2.4700,52.2387
DDO168,2.8900,54.3700
DDO168,3.3000,55.8282
DDO168,3.7100,57.2796
DDO168,4.1200,58.3059
DDO170,3.3600,49.4346
DDO170,4.8600,59.7756
DDO170,6.3500,67.7629
DDO170,7.8500,73.7136
DDO170,9.3400,76.9850
DDO170,10.8300,78.0117
DDO170,12.3300,77.3804
ESO079-G014,2.6900,83.0250
ESO079-G014,3.3600,91.2677
ESO079-G014,4.3900,99.2502
ESO079-G014,5.6500,108.0223
ESO079-G014,6.3400,113.3866
ESO079-G014,6.8900,118.5742
ESO079-G014,8.3400,133.4794
ESO079-G014,10.0400,150.3313
ESO079-G014,11.6500,159.7082
ESO079-G014,13.3600,165.5260
ESO079-G014,15.0600,167.6793
ESO079-G014,16.6700,168.6729
ESO116-G012,0.8300,40.7918
ESO116-G012,1.3800,57.0698
ESO116-G012,1.8500,67.9839
ESO116-G012,2.6800,73.5732
ESO116-G012,3.1900,79.3076
ESO116-G012,3.6800,84.2451
ESO116-G012,4.1300,87.8716
ESO116-G012,5.2300,92.5391
ESO116-G012,6.0500,93.3530
ESO116-G012,6.8100,93.6830
ESO116-G012,7.5600,95.8875
ESO116-G012,8.3200,98.7383
ESO116-G012,9.0900,100.7474
ESO116-G012,9.8600,99.4592
ESO444-G084,0.2600,15.9342
ESO444-G084,0.7700,30.6169
ESO444-G084,1.2900,38.7560
ESO444-G084,1.8100,44.0165
ESO444-G084,2.3200,47.1325
ESO444-G084,3.3900,47.1454
ESO563-G021,2.2300,120.4554
ESO563-G021,3.1200,131.7923
ESO563-G021,4.0100,144.2885
ESO563-G021,4.9000,160.3394
ESO563-G021,5.7900,179.5713
ESO563-G021,6.6900,195.4695
ESO563-G021,7.5800,205.9442
ESO563-G021,8.4700,217.7376
ESO563-G021,10.2300,236.1977
ESO563-G021,12.0600,251.0597
ESO563-G021,13.4400,256.9618
ESO563-G021,15.1800,264.4919
ESO563-G021,16.8300,269.9105
ESO563-G021,18.5600,270.2514
ESO563-G021,20.3000,272.7402
ESO563-G021,21.9400,276.8872
ESO563-G021,23.6800,280.4376
ESO563-G021,25.4100,278.5515
ESO563-G021,27.0600,276.2396
ESO563-G021,28.8000,272.5280
ESO563-G021,30.5300,269.2137
ESO563-G021,32.1800,267.8678
ESO563-G021,33.9100,267.3220
ESO563-G021,35.6500,265.7201
ESO563-G021,37.3000,264.6885
ESO563-G021,39.0300,262.9939
ESO563-G021,40.7600,261.4271
ESO563-G021,42.4100,260.4027
F565-V2,6.2900,64.6743
F565-V2,7.5400,71.2332
F565-V2,8.8000,75.8550
F568-3,1.8000,41.9826
F568-3,3.6400,62.2603
F568-3,4.6000,69.6065
F568-3,5.1400,72.5013
F568-3,5.3900,74.1706
F568-3,10.1700,100.5709
F568-3,14.0200,112.2250
F568-3,15.9400,117.0380
F568-V1,2.7400,54.1124
F568-V1,3.5300,60.9800
F568-V1,5.0900,71.1911
F568-V1,5.8700,74.0113
F571-8,1.3300,91.7083
F571-8,2.3300,106.3089
F571-8,3.4400,108.3449
F571-8,3.7800,107.6827
F571-8,4.7700,104.3096
F571-8,5.4400,103.0587
F571-8,6.1100,101.8910
F571-8,7.2200,101.7099
F571-8,9.3300,101.3850
F571-8,11.1000,101.9561
F571-8,15.5500,101.7850
F571-V1,5.8300,70.6686
F571-V1,7.7800,79.4063
F571-V1,9.7200,86.9711
F571-V1,11.6600,90.4568
F571-V1,13.5900,89.9829
F574-1,2.3500,55.6366
F574-1,3.2900,60.9944
F574-1,4.2200,66.3356
F574-1,5.1700,71.8609
F574-1,6.1100,77.1717
F574-1,7.0500,81.1106
F574-1,7.9900,85.4218
F574-1,8.9200,88.3781
F574-1,9.8700,92.7473
F574-1,10.7900,97.1093
F574-1,11.8000,101.4100
F574-1,12.6000,104.2984
F583-1,1.8000,32.7352
F583-1,2.3100,35.7175
F583-1,3.4300,43.4075
F583-1,4.0900,48.0813
F583-1,4.3700,49.9286
F583-1,5.4000,56.6906
F583-1,6.0800,60.9446
F583-1,6.4300,63.1253
F583-1,10.2900,85.6493
F583-1,15.4900,102.3909
F583-4,3.9200,61.1556
F583-4,4.3500,62.9713
F583-4,5.0000,65.9701
F583-4,5.0500,66.1351
F583-4,5.8300,68.5472
F583-4,6.0900,69.3470
F583-4,6.7400,72.6864
F583-4,7.2900,72.8623
IC2574,0.8500,19.8163
IC2574,2.2800,36.5191
IC2574,2.5500,38.9840
IC2574,2.8400,41.0315
IC2574,3.4100,44.4123
IC2574,3.7000,45.1175
IC2574,4.8400,54.1013
IC2574,5.1200,56.4029
IC2574,5.4100,57.8177
IC2574,5.6800,59.7175
IC2574,5.9700,61.4066
IC2574,6.2600,63.5320
IC2574,6.5400,65.5530
IC2574,6.8300,66.5630
IC2574,7.1000,67.7007
IC2574,7.3900,68.7551
IC2574,7.6800,70.4267
IC2574,7.9600,71.7871
IC2574,9.1000,75.0238
IC2574,9.3800,76.3773
IC2574,9.6700,78.4497
IC2574,9.9600,79.5038
IC4202,1.5900,165.2098
IC4202,2.3600,173.4316
IC4202,3.1300,178.1600
IC4202,3.9500,187.4509
IC4202,4.7300,196.2496
IC4202,5.5000,199.7533
IC4202,6.2700,201.9070
IC4202,7.0800,207.0706
IC4202,7.8600,214.5616
IC4202,8.6600,222.0864
IC4202,9.4500,228.1946
IC4202,10.2400,232.7524
IC4202,11.0200,235.8754
IC4202,11.7900,238.1716
IC4202,12.4700,239.4283
IC4202,13.3400,240.5636
IC4202,14.1100,241.2721
IC4202,14.5900,241.5932
IC4202,14.9800,241.8649
IC4202,15.7500,242.1267
IC4202,16.5200,242.1334
IC4202,17.1000,241.8940
IC4202,17.8800,241.3593
IC4202,18.6500,240.7500
IC4202,19.6200,240.0456
IC4202,20.7800,240.0237
IC4202,22.1300,240.6155
IC4202,23.0000,240.6785
IC4202,23.5800,240.6769
IC4202,25.0300,239.2736
IC4202,25.9000,238.2252
KK98-251,1.4000,34.0487
KK98-251,1.5700,36.6229
KK98-251,1.7200,38.7686
KK98-251,1.8900,40.8605
KK98-251,2.0600,42.5965
KK98-251,2.4600,45.4516
KK98-251,2.7900,47.0354
KK98-251,3.1300,47.2886
NGC0024,0.9600,51.0147
NGC0024,1.0700,54.4035
NGC0024,1.1700,57.2485
NGC0024,1.2800,60.3153
NGC0024,1.3800,63.0160
NGC0024,1.4800,65.8075
NGC0024,1.5900,68.3689
NGC0024,1.7000,70.7510
NGC0024,1.8000,72.4347
NGC0024,1.9100,74.1691
NGC0024,2.0200,75.4403
NGC0024,2.1300,76.6263
NGC0024,2.2300,77.5480
NGC0024,2.3400,78.6968
NGC0024,2.4400,79.6114
NGC0024,2.5400,80.3870
NGC0024,7.0700,90.6460
NGC0024,8.4900,89.7808
NGC0024,9.9100,88.3491
NGC0024,11.2700,86.9916
NGC0055,1.8400,53.4380
NGC0055,2.4600,61.1994
NGC0055,3.0700,67.7111
NGC0055,3.6800,73.6467
NGC0055,4.3000,79.0699
NGC0055,4.9100,83.2189
NGC0055,5.5200,86.7576
NGC0055,6.1400,89.8464
NGC0055,6.7500,92.5375
NGC0055,7.3700,95.1277
NGC0055,7.9800,97.4676
NGC0055,8.5900,99.8904
NGC0055,9.2100,101.6657
NGC0055,9.8200,102.8165
NGC0055,10.4300,103.6466
NGC0055,11.0500,103.8478
NGC0055,11.6600,104.0478
NGC0055,12.2800,104.9221
NGC0055,12.8900,106.0714
NGC0055,13.5000,107.5243
NGC0100,1.5900,51.3793
NGC0100,2.0500,57.9644
NGC0100,2.5100,63.5612
NGC0100,2.9700,68.5263
NGC0100,3.4200,72.6299
NGC0100,3.8800,75.0935
NGC0100,4.3400,76.7521
NGC0100,4.7900,78.2129
NGC0100,5.2400,79.4707
NGC0100,5.7000,80.0574
NGC0100,6.1600,80.3471
NGC0100,7.1600,81.0244
NGC0100,7.5200,81.3919
NGC0100,7.9800,81.8819
NGC0100,8.9000,83.2926
NGC0100,9.3500,84.1409
NGC0247,1.0800,33.3653
NGC0247,1.6100,42.9545
NGC0247,2.1500,50.0316
NGC0247,2.7000,55.8678
NGC0247,3.2200,61.1898
NGC0247,3.7700,66.2229
NGC0247,4.3100,70.7838
NGC0247,4.8500,74.6596
NGC0247,5.3800,77.7005
NGC0247,5.9200,80.8305
NGC0247,6.4600,84.0587
NGC0247,6.9900,87.3630
NGC0247,7.5300,90.9719
NGC0247,8.0700,94.0820
NGC0247,8.6200,97.0288
NGC0247,9.1400,99.9678
NGC0247,9.6900,102.9191
NGC0247,10.2300,105.5177
NGC0247,10.7600,107.7848
NGC0247,11.3000,109.6166
NGC0247,11.8400,110.8203
NGC0247,12.3800,111.5302
NGC0247,12.9100,111.5858
NGC0247,13.4800,111.2500
NGC0247,14.0100,110.6220
NGC0247,14.5400,109.8908
NGC0289,7.5700,186.1172
NGC0289,10.6000,179.7480
NGC0289,13.5700,177.3928
NGC0289,16.6400,175.9434
NGC0289,19.7100,177.2946
NGC0289,22.6800,180.9536
NGC0289,25.7500,183.7520
NGC0289,28.7200,184.6549
NGC0289,31.7900,189.1982
NGC0289,34.7700,194.1280
NGC0289,37.8400,196.7449
NGC0289,40.8100,199.0143
NGC0289,43.8800,199.9266
NGC0289,46.8500,200.1719
NGC0289,49.9200,200.3222
NGC0289,52.9900,200.7116
NGC0289,55.9600,201.1102
NGC0289,59.0300,200.5555
NGC0289,62.0000,198.7523
NGC0289,65.0700,196.9971
NGC0289,68.0500,195.8466
NGC0289,71.1200,194.7409
NGC0300,1.3600,47.0123
NGC0300,1.8200,53.3814
NGC0300,2.2700,59.1548
NGC0300,2.7200,63.8206
NGC0300,3.1700,67.1767
NGC0300,3.6300,69.6480
NGC0300,4.0800,71.7227
NGC0300,4.5400,74.0763
NGC0300,4.9900,75.5418
NGC0300,5.4500,76.6266
NGC0300,6.8100,84.3649
NGC0300,8.1700,88.3769
NGC0300,9.0700,87.8990
NGC0300,9.5300,88.0215
NGC0300,9.9600,87.3429
NGC0300,10.4500,86.6503
NGC0801,1.1700,142.3557
NGC0801,1.5600,163.4501
NGC0801,1.9600,180.7290
NGC0801,2.7300,206.9644
NGC0801,3.5200,222.5258
NGC0801,10.5900,244.0099
NGC0801,17.6500,248.8448
NGC0801,24.6100,254.6346
NGC0801,31.6700,265.8252
NGC0801,38.7400,265.8656
NGC0801,45.8000,260.4062
NGC0801,52.8600,258.8412
NGC0801,59.8200,261.9081
NGC0891,0.9200,236.4064
NGC0891,2.3200,266.0943
NGC0891,3.2400,283.1260
NGC0891,4.1700,272.3258
NGC0891,5.1000,261.4280
NGC0891,6.0300,254.0426
NGC0891,6.9600,249.9358
NGC0891,7.8900,244.9533
NGC0891,8.8000,243.5263
NGC0891,9.7300,238.4303
NGC0891,10.6400,235.3607
NGC0891,11.5800,233.5176
NGC0891,12.5200,230.3406
NGC0891,13.4600,229.9162
NGC0891,14.4000,228.2929
NGC0891,15.3300,225.8975
NGC0891,16.2700,223.5660
NGC0891,17.1100,221.0786
NGC1003,2.0800,71.6107
NGC1003,2.9000,84.1890
NGC1003,3.7300,91.1151
NGC1003,4.5600,96.6107
NGC1003,5.3900,100.4076
NGC1003,6.2200,100.0160
NGC1003,7.0400,100.7633
NGC1003,7.8700,102.4420
NGC1003,8.7000,103.3552
NGC1003,9.5400,103.8284
NGC1003,10.3400,103.7287
NGC1003,11.2100,104.4677
NGC1003,11.9800,105.4478
NGC1003,12.8500,106.4327
NGC1003,13.7200,107.2723
NGC1003,14.4900,107.8063
NGC1003,15.3600,108.3260
NGC1003,16.1300,108.4725
NGC1003,17.0000,109.6319
NGC1003,17.7800,108.9097
NGC1003,18.6500,108.7035
NGC1003,19.5200,107.3436
NGC1003,20.2900,107.2334
NGC1003,21.1600,107.2635
NGC1003,21.9300,106.4714
NGC1003,22.8000,105.9278
NGC1003,23.6700,104.7955
NGC1003,24.4400,105.7972
NGC1003,25.3100,105.7343
NGC1003,26.0800,105.3870
NGC1003,26.9500,107.6325
NGC1003,27.7300,112.8352
NGC1003,28.6000,114.5610
NGC1003,29.4700,118.7120
NGC1003,30.2400,122.8821
NGC1090,1.6000,100.5020
NGC1090,3.7000,133.3909
NGC1090,5.0900,146.7296
NGC1090,6.6100,160.8534
NGC1090,8.1700,170.6791
NGC1090,9.1100,172.4279
NGC1090,10.3700,175.3217
NGC1090,11.2800,179.7737
NGC1090,13.6200,186.0734
NGC1090,15.0400,186.8254
NGC1090,16.3700,186.4058
NGC1090,17.5900,185.0905
NGC1090,18.8000,184.1525
NGC1090,20.1300,183.2364
NGC1090,21.3500,182.5262
NGC1090,22.5700,182.1620
NGC1090,23.8900,182.0174
NGC1090,25.1100,182.3463
NGC1090,26.3300,182.9041
NGC1090,27.6500,183.5796
NGC1090,28.8700,184.3442
NGC1090,30.0900,184.7684
NGC2403,0.2600,33.5566
NGC2403,0.3600,43.0692
NGC2403,0.4600,51.0234
NGC2403,0.5600,57.1031
NGC2403,0.6600,60.9151
NGC2403,0.7600,64.2907
NGC2403,0.8600,66.7424
NGC2403,0.9600,69.1933
NGC2403,1.0600,71.7069
NGC2403,1.1600,74.2408
NGC2403,1.2700,77.0614
NGC2403,1.3600,79.8566
NGC2403,1.4700,82.6165
NGC2403,1.5700,85.3097
NGC2403,1.6700,88.2255
NGC2403,1.7700,90.9007
NGC2403,1.8700,93.2070
NGC2403,1.9700,95.4028
NGC2403,2.0800,97.7554
NGC2403,2.1800,99.9649
NGC2403,2.2800,101.1029
NGC2403,2.3700,101.3757
NGC2403,2.4700,101.6649
NGC2403,2.5700,102.0344
NGC2403,2.6800,102.3247
NGC2403,2.7800,102.6199
NGC2403,2.8800,102.9264
NGC2403,2.9800,103.3347
NGC2403,3.0800,103.9331
NGC2403,3.1900,104.6060
NGC2403,3.2900,105.4788
NGC2403,3.3900,106.4350
NGC2403,3.4900,107.3287
NGC2403,3.5900,107.9952
NGC2403,3.6900,108.8740
NGC2403,3.7900,109.5001
NGC2403,3.9000,109.9686
NGC2403,3.9900,110.2915
NGC2403,4.4700,112.0880
NGC2403,4.9700,113.4175
NGC2403,5.4700,114.3429
NGC2403,5.9600,114.6409
NGC2403,6.4600,114.8016
NGC2403,6.9600,115.3613
NGC2403,7.4500,115.9222
NGC2403,7.9500,116.5246
NGC2403,8.4500,117.3785
NGC2403,8.9400,118.3230
NGC2403,9.4400,119.2535
NGC2403,9.9400,120.0251
NGC2403,10.4300,121.1048
NGC2403,10.9300,122.0721
NGC2403,11.4300,122.8600
NGC2403,11.9200,123.3990
NGC2403,12.4200,124.0746
NGC2403,12.9200,124.6216
NGC2403,13.4200,124.7681
NGC2403,13.9100,124.7025
NGC2403,14.4100,124.7775
NGC2403,14.9100,124.8664
NGC2403,15.4000,124.8501
NGC2403,15.9000,124.7497
NGC2403,16.4000,124.5782
NGC2403,16.8900,124.1802
NGC2403,17.3900,123.8723
NGC2403,17.8900,123.4541
NGC2403,18.3800,123.0385
NGC2403,18.8800,122.5943
NGC2403,19.3800,122.5231
NGC2403,19.8700,122.8418
NGC2403,20.3700,123.1609
NGC2403,20.8700,123.5138
NGC2683,2.8900,185.0574
NGC2683,5.7700,208.0213
NGC2683,8.6600,196.8008
NGC2683,11.5400,197.1819
NGC2683,14.4300,187.6882
NGC2683,17.3100,182.5904
NGC2683,20.2000,178.4915
NGC2683,23.0800,175.1775
NGC2683,28.8500,171.3003
NGC2683,31.7400,170.0035
NGC2683,34.6200,168.9830
NGC2841,3.4400,252.1583
NGC2841,3.7700,249.5518
NGC2841,4.1300,248.3334
NGC2841,4.4700,247.5797
NGC2841,4.8000,247.1193
NGC2841,5.1300,247.1260
NGC2841,5.4800,247.5724
NGC2841,5.8300,247.8498
NGC2841,6.1600,248.2529
NGC2841,6.5100,250.2562
NGC2841,6.8600,252.2488
NGC2841,7.1800,253.7167
NGC2841,7.5100,255.2827
NGC2841,7.8500,257.4343
NGC2841,8.2100,259.2929
NGC2841,8.5700,260.2385
NGC2841,8.9000,260.7414
NGC2841,9.2400,260.7041
NGC2841,9.6000,260.5012
NGC2841,9.9300,260.6559
NGC2841,10.2700,261.1264
NGC2841,10.6000,261.5191
NGC2841,10.9300,261.9490
NGC2841,11.2700,262.2572
NGC2841,12.3100,261.8381
NGC2841,14.3500,256.9250
NGC2841,16.4000,250.3679
NGC2841,18.4800,245.7656
NGC2841,20.5700,243.8535
NGC2841,22.5100,244.5660
NGC2841,24.5900,243.6450
NGC2841,26.6800,239.9883
NGC2841,28.7700,236.6950
NGC2841,30.7000,234.4636
NGC2841,32.7900,233.4571
NGC2841,34.8800,233.9443
NGC2841,36.9600,235.2184
NGC2841,38.9000,236.4293
NGC2841,40.9900,237.1607
NGC2841,43.0800,237.3151
NGC2841,45.1600,236.5718
NGC2841,47.1000,234.9604
NGC2841,49.1900,233.1855
NGC2841,51.2700,232.1457
NGC2841,53.3600,232.2675
NGC2841,55.3000,233.6598
NGC2841,57.3800,235.6443
NGC2841,59.4700,237.6398
NGC2841,61.5600,238.9147
NGC2841,63.6400,239.4617
NGC2903,0.9600,157.5125
NGC2903,1.2800,166.8765
NGC2903,1.6000,173.8903
NGC2903,1.9200,180.2483
NGC2903,2.2400,195.2176
NGC2903,2.5600,215.4983
NGC2903,2.8800,226.1488
NGC2903,3.2000,233.8249
NGC2903,3.5200,234.1782
NGC2903,3.8400,230.2424
NGC2903,4.8000,225.6472
NGC2903,5.7600,217.9552
NGC2903,6.7200,209.5677
NGC2903,7.6800,203.4331
NGC2903,8.6400,199.3327
NGC2903,9.6000,196.2396
NGC2903,10.5600,194.1616
NGC2903,11.5200,192.7901
NGC2903,12.4800,190.7872
NGC2903,13.4400,188.4768
NGC2903,14.4000,186.4845
NGC2903,15.3600,184.6753
NGC2903,16.3200,183.2273
NGC2903,17.2800,181.7146
NGC2903,18.2400,180.5113
NGC2903,19.2000,179.4719
NGC2903,20.1600,178.4807
NGC2903,21.1200,177.6795
NGC2903,22.0800,177.0473
NGC2903,23.0400,176.4045
NGC2903,24.0000,176.1036
NGC2903,24.9600,175.7729
NGC2915,3.0100,54.3861
NGC2915,3.3500,54.2549
NGC2915,3.6800,54.5925
NGC2915,4.0200,55.3359
NGC2915,4.3500,56.3355
NGC2915,4.6800,57.2634
NGC2915,5.0200,57.9059
NGC2915,5.3500,58.1899
NGC2915,6.0300,58.3427
NGC2915,6.3600,58.8615
NGC2915,6.6900,59.8169
NGC2915,7.0200,61.0780
NGC2915,7.3600,62.2816
NGC2915,7.7000,62.7565
NGC2915,8.0300,63.4952
NGC2915,8.3700,64.3769
NGC2915,8.7000,65.1329
NGC2915,9.0300,66.0308
NGC2915,9.3700,66.6907
NGC2915,9.7000,67.4588
NGC2915,10.0400,67.8419
NGC2955,0.7500,149.6339
NGC2955,1.5500,204.6552
NGC2955,2.3000,231.5574
NGC2955,3.0600,257.5064
NGC2955,3.8500,271.2806
NGC2955,4.6100,277.6620
NGC2955,5.3600,279.8922
NGC2955,6.1200,281.0296
NGC2955,6.9100,282.6369
NGC2955,7.6600,285.2267
NGC2955,8.4200,285.3915
NGC2955,8.8600,284.5387
NGC2955,9.2100,283.4884
NGC2955,10.8200,279.4687
NGC2955,11.5600,278.0670
NGC2955,12.4000,276.7098
NGC2955,14.1700,277.9143
NGC2955,16.8800,277.8458
NGC2955,19.4900,281.2439
NGC2955,22.1900,280.7446
NGC2955,24.8000,279.0533
NGC2955,27.5100,276.2325
NGC2955,30.1200,273.7251
NGC2955,35.4300,271.8370
NGC2976,0.5200,35.9461
NGC2976,0.5900,38.9541
NGC2976,0.6600,41.8431
NGC2976,0.7300,44.6253
NGC2976,0.8000,47.3038
NGC2976,0.8700,49.9370
NGC2976,0.9400,52.7035
NGC2976,1.0100,55.8601
NGC2976,1.0800,59.1422
NGC2976,1.1400,61.9205
NGC2976,1.2100,65.4426
NGC2976,1.2900,69.4125
NGC2976,1.3500,72.3615
NGC2976,1.4200,75.5007
NGC2976,1.4900,78.4933
NGC2976,1.5600,81.3564
NGC2976,1.6300,83.6806
NGC2976,1.7400,86.4192
NGC2976,1.9300,86.5610
NGC2976,2.1000,86.1640
NGC2976,2.2700,86.2323
NGC2998,2.6400,134.4133
NGC2998,3.6300,167.6383
NGC2998,7.5900,202.2087
NGC2998,12.5000,214.8445
NGC2998,17.4800,221.1575
NGC2998,22.4600,218.8891
NGC2998,27.4400,221.4963
NGC2998,32.3200,224.1896
NGC2998,37.3000,224.6371
NGC2998,42.2800,223.2959
NGC3109,0.5200,13.2873
NGC3109,1.2900,28.4823
NGC3109,1.5500,32.3481
NGC3109,1.8100,35.7975
NGC3109,2.0600,38.6157
NGC3109,2.5800,42.5185
NGC3109,2.8400,44.1400
NGC3109,3.1000,45.7105
NGC3109,3.3500,47.3647
NGC3109,3.6100,48.9330
NGC3109,3.8700,49.5062
NGC3109,4.1300,49.9901
NGC3109,4.3800,51.0824
NGC3109,4.6400,52.2304
NGC3109,4.9000,53.4631
NGC3109,5.1600,54.6436
NGC3109,5.4200,56.0516
NGC3109,5.6700,57.3764
NGC3109,5.9300,58.0228
NGC3109,6.1900,58.3386
NGC3109,6.4500,58.6377
NGC3198,2.2400,87.4678
NGC3198,2.5700,90.7908
NGC3198,2.8900,92.6941
NGC3198,3.2100,97.7207
NGC3198,3.5400,104.4576
NGC3198,3.8500,110.9368
NGC3198,4.1700,117.1850
NGC3198,4.5000,122.1179
NGC3198,4.8200,126.9131
NGC3198,5.1500,131.0927
NGC3198,5.4600,134.9864
NGC3198,5.7800,138.5934
NGC3198,6.1000,141.9465
NGC3198,6.4300,144.9666
NGC3198,6.7400,146.5746
NGC3198,7.0600,146.9554
NGC3198,8.0400,147.3063
NGC3198,9.0400,147.8346
NGC3198,10.0400,149.7708
NGC3198,11.0400,152.4550
NGC3198,12.0500,154.8415
NGC3198,14.0500,156.4761
NGC3198,16.0700,154.7967
NGC3198,18.1300,154.4223
NGC3198,20.0500,155.6006
NGC3198,22.1200,156.1855
NGC3198,24.0300,156.3996
NGC3198,26.1000,157.5830
NGC3198,28.1600,159.0564
NGC3198,30.0800,159.2700
NGC3198,32.1400,159.1173
NGC3198,34.0600,159.7911
NGC3198,36.1200,161.3272
NGC3198,38.1900,162.7929
NGC3198,40.1000,164.1396
NGC3198,42.1700,166.3305
NGC3198,44.0800,165.9439
NGC3521,0.6900,157.8882
NGC3521,0.8600,169.7375
NGC3521,1.0300,180.3712
NGC3521,1.2000,183.4572
NGC3521,1.3800,186.8507
NGC3521,1.5500,190.5180
NGC3521,1.7100,196.0457
NGC3521,1.8900,200.2990
NGC3521,2.0600,206.2975
NGC3521,2.2300,210.5964
NGC3521,2.4100,212.8300
NGC3521,2.5800,212.2948
NGC3521,2.7500,212.9269
NGC3521,2.9200,213.6623
NGC3521,3.0900,215.6127
NGC3521,3.2600,217.3436
NGC3521,3.4300,219.7684
NGC3521,3.6100,221.1810
NGC3521,3.7800,223.4382
NGC3521,3.9500,224.9958
NGC3521,4.1200,226.6035
NGC3521,4.2900,226.7449
NGC3521,4.4600,226.6022
NGC3521,4.6400,225.2160
NGC3521,4.9800,221.7418
NGC3521,5.1500,220.2183
NGC3521,5.4900,217.1781
NGC3521,5.6700,215.8089
NGC3521,6.3500,211.9753
NGC3521,8.8200,201.7616
NGC3521,11.0700,197.3411
NGC3521,13.3200,194.1871
NGC3521,15.4900,191.1377
NGC3521,17.7400,187.0275
NGC3726,3.5000,128.7594
NGC3726,5.2400,154.1778
NGC3726,6.9800,170.7929
NGC3726,8.7200,181.9330
NGC3726,10.4700,183.0780
NGC3726,12.1900,184.8511
NGC3726,13.9400,187.8965
NGC3726,16.0300,188.3220
NGC3726,22.3000,182.7089
NGC3726,27.5200,177.6431
NGC3726,30.0800,175.8415
NGC3726,32.5200,174.6773
NGC3741,0.7000,25.1228
NGC3741,0.9300,26.8931
NGC3741,1.1700,28.1201
NGC3741,1.4000,29.1057
NGC3741,1.6400,30.1444
NGC3741,1.8700,30.9344
NGC3741,2.1000,31.6793
NGC3741,2.3300,32.9187
NGC3741,2.5700,34.3469
NGC3741,2.8000,35.8185
NGC3741,3.2600,37.9848
NGC3741,3.7300,39.6841
NGC3741,4.2100,41.8595
NGC3741,4.6700,43.4634
NGC3741,5.1400,44.8870
NGC3741,5.6100,45.7686
NGC3741,6.0700,46.4162
NGC3741,6.5400,46.8438
NGC3741,7.0000,47.2004
NGC3769,3.5000,129.7449
NGC3769,5.2400,131.9745
NGC3769,6.9800,131.8722
NGC3769,8.7200,131.2155
NGC3769,10.4700,130.2423
NGC3769,12.3100,129.0606
NGC3769,14.5200,128.5402
NGC3769,31.8200,132.7845
NGC3769,34.6100,132.5591
NGC3769,37.1600,132.3750
NGC3877,2.6100,112.9107
NGC3877,3.5000,125.5329
NGC3877,4.3700,137.9261
NGC3877,5.2400,152.8667
NGC3877,6.1100,171.0422
NGC3877,6.9800,182.8750
NGC3877,7.8500,189.1678
NGC3877,8.7200,194.4554
NGC3877,9.6000,198.1972
NGC3877,10.4700,196.7722
NGC3877,11.3500,195.9550
NGC3893,1.7400,160.1780
NGC3893,3.5000,176.7051
NGC3893,5.2400,187.4442
NGC3893,6.9800,183.2387
NGC3893,8.8100,182.0456
NGC3893,10.9000,180.4383
NGC3893,13.1200,177.4468
NGC3893,15.3300,174.0513
NGC3893,17.3000,172.5802
NGC3893,19.0500,171.8590
NGC3917,1.7400,56.9414
NGC3917,2.6100,71.3604
NGC3917,3.5000,85.8011
NGC3917,4.3700,98.6348
NGC3917,5.2400,110.0461
NGC3917,6.1100,118.5640
NGC3917,6.9800,125.0043
NGC3917,7.8500,129.8190
NGC3917,8.7200,132.1355
NGC3917,9.6000,135.7922
NGC3917,10.4700,137.7584
NGC3917,11.3500,139.2029
NGC3917,12.1900,139.6530
NGC3917,13.1200,138.3233
NGC3917,13.9400,137.9087
NGC3917,14.8600,136.3747
NGC3949,1.7400,131.8389
NGC3949,2.6100,154.5726
NGC3949,3.5000,170.6644
NGC3949,4.3700,169.5016
NGC3949,5.2400,168.8199
NGC3949,6.1100,166.0638
NGC3953,3.5000,171.6242
NGC3953,5.2400,189.9640
NGC3953,6.9800,203.9332
NGC3953,8.7200,220.4809
NGC3953,10.4700,229.1449
NGC3953,12.1900,232.6176
NGC3953,13.9400,232.6862
NGC3953,15.6800,227.9524
NGC3972,1.7400,66.9684
NGC3972,2.6100,81.5394
NGC3972,3.5000,93.6746
NGC3972,4.3700,101.5642
NGC3972,5.2400,113.7759
NGC3972,6.1100,122.9238
NGC3972,6.9800,124.7036
NGC3972,7.8500,124.7888
NGC3972,8.7200,124.0450
NGC3992,9.1900,204.7933
NGC3992,13.7900,237.4854
NGC3992,18.3500,249.0838
NGC3992,22.9400,254.5924
NGC3992,27.5200,248.3580
NGC3992,32.1100,241.4147
NGC3992,36.7000,237.1875
NGC3992,41.4400,233.8763
NGC3992,46.0200,231.5645
NGC4010,3.5000,100.9764
NGC4010,4.3700,108.5869
NGC4010,5.2400,113.3872
NGC4010,6.1100,118.1323
NGC4010,6.9800,122.8831
NGC4010,7.8500,127.2966
NGC4010,8.7200,129.7596
NGC4010,9.6000,129.6657
NGC4010,10.4700,128.9514
NGC4013,5.4900,195.9584
NGC4013,6.1700,202.6791
NGC4013,6.9200,207.6275
NGC4013,7.6900,211.0234
NGC4013,8.3600,212.3686
NGC4013,9.1200,212.3582
NGC4013,9.8800,209.7282
NGC4013,10.5600,205.1737
NGC4013,11.3100,200.8145
NGC4013,12.0800,197.1802
NGC4013,12.7700,194.5928
NGC4013,13.4700,192.6380
NGC4013,14.1700,190.9609
NGC4013,14.9800,189.2449
NGC4013,15.6800,187.7113
NGC4013,16.3700,186.2382
NGC4013,17.1900,184.6565
NGC4013,17.8800,183.3699
NGC4013,18.5800,182.2193
NGC4013,19.3900,181.1581
NGC4013,20.0900,180.2961
NGC4013,20.7900,179.4407
NGC4013,21.4800,178.7630
NGC4013,22.3000,178.2058
NGC4013,22.9900,177.8583
NGC4013,23.6900,177.6788
NGC4013,24.3900,177.8824
NGC4013,25.2000,177.9711
NGC4013,25.9000,177.6095
NGC4013,26.5900,177.2229
NGC4013,27.4100,176.7347
NGC4013,28.1000,176.2652
NGC4013,28.8000,175.8875
NGC4013,29.6100,175.4970
NGC4013,30.3100,175.3196
NGC4013,31.0100,174.6060
NGC4051,3.5000,129.0930
NGC4051,5.2400,146.0704
NGC4051,6.9800,173.8537
NGC4051,8.7200,191.2485
NGC4051,10.4700,189.0727
NGC4051,12.1900,187.0800
NGC4068,1.4800,41.4395
NGC4068,1.9100,47.7981
NGC4085,1.7400,112.1791
NGC4085,2.7100,127.6535
NGC4085,3.5800,137.5826
NGC4085,4.4500,147.0589
NGC4085,5.3200,147.9419
NGC4085,6.2000,144.7026
NGC4088,3.5000,156.1258
NGC4088,5.2400,205.0335
NGC4088,6.9800,229.1259
NGC4088,8.7200,224.4851
NGC4088,10.4700,223.5386
NGC4088,12.1900,223.1457
NGC4088,13.9400,215.8880
NGC4088,15.6800,210.8398
NGC4088,17.4200,207.3987
NGC4088,19.2800,204.2215
NGC4088,21.4800,200.8910
NGC4100,2.6100,115.8084
NGC4100,3.5000,127.1529
NGC4100,4.3700,143.3464
NGC4100,5.2400,164.3055
NGC4100,6.1100,180.6366
NGC4100,6.9800,191.0260
NGC4100,7.8500,189.2992
NGC4100,8.7200,187.5863
NGC4100,9.6000,183.4168
NGC4100,10.4700,179.2468
NGC4100,11.3500,176.9614
NGC4100,12.1900,176.4498
NGC4100,13.1200,175.9742
NGC4100,13.9400,174.8352
NGC4100,14.8600,173.7624
NGC4100,15.6800,173.1281
NGC4100,16.6100,172.6862
NGC4100,17.4200,172.1616
NGC4100,18.3500,171.1467
NGC4100,19.1600,169.9972
NGC4100,20.0900,168.7805
NGC4100,21.0200,167.6479
NGC4100,21.9500,166.6397
NGC4100,22.7600,165.6506
NGC4138,2.6100,191.4590
NGC4138,5.2400,180.9466
NGC4138,7.8500,169.8602
NGC4138,13.4700,156.7502
NGC4157,3.5000,186.0477
NGC4157,5.2400,206.4791
NGC4157,6.9800,218.8870
NGC4157,8.7200,228.8107
NGC4157,10.4700,223.7261
NGC4157,12.1900,217.4522
NGC4157,13.9400,211.7705
NGC4157,15.6800,206.8659
NGC4157,17.4200,205.6822
NGC4157,19.1600,202.8048
NGC4157,20.9000,199.5297
NGC4157,22.6500,200.2482
NGC4157,24.3900,198.2437
NGC4157,26.1300,196.0319
NGC4157,27.8700,194.1449
NGC4157,29.6100,192.7437
NGC4183,2.6100,70.4205
NGC4183,3.5000,77.2688
NGC4183,4.3700,86.4378
NGC4183,5.2400,94.0654
NGC4183,6.1100,100.6183
NGC4183,6.9800,106.6341
NGC4183,7.8500,112.9060
NGC4183,8.7200,118.8699
NGC4183,9.6000,120.7368
NGC4183,10.4700,121.2461
NGC4183,11.3500,123.6113
NGC4183,12.3100,122.3214
NGC4183,13.1200,121.1614
NGC4183,14.0500,121.0411
NGC4183,14.9800,122.0910
NGC4183,16.0300,122.0307
NGC4183,16.9500,121.0698
NGC4183,17.8800,122.1619
NGC4183,18.9300,122.1152
NGC4183,19.9700,121.5614
NGC4217,1.7400,198.3707
NGC4217,2.6100,237.8787
NGC4217,3.5000,255.4661
NGC4217,4.3700,247.6239
NGC4217,5.2400,239.0032
NGC4217,6.1100,233.0993
NGC4217,6.9800,228.4286
NGC4217,7.8500,226.3496
NGC4217,8.7200,221.0031
NGC4217,9.6000,216.0234
NGC4217,10.4700,212.4467
NGC4217,11.3500,209.6427
NGC4217,12.1900,207.0800
NGC4217,13.1200,204.7100
NGC4217,13.9400,202.6696
NGC4217,14.8600,200.7182
NGC4217,15.7900,199.3163
NGC4217,16.7200,198.4486
NGC4559,2.6200,96.5027
NGC4559,3.2800,107.1587
NGC4559,3.9300,116.3814
NGC4559,4.5800,121.2482
NGC4559,5.2200,123.8231
NGC4559,5.9000,126.4595
NGC4559,6.5400,127.6424
NGC4559,7.1900,128.8212
NGC4559,7.8700,131.6032
NGC4559,8.5100,134.0345
NGC4559,9.1600,135.1023
NGC4559,9.8400,135.3451
NGC4559,10.4800,135.5080
NGC4559,11.1300,135.8733
NGC4559,11.7800,135.7676
NGC4559,12.4300,135.5846
NGC4559,13.0800,135.8554
NGC4559,13.7300,136.6546
NGC4559,14.3800,137.3167
NGC4559,15.0300,137.6844
NGC4559,15.6800,138.6057
NGC4559,16.3300,139.8802
NGC4559,16.9800,141.0765
NGC4559,17.7200,142.3257
NGC4559,18.2800,143.4685
NGC4559,19.0200,144.5930
NGC4559,19.6700,145.3248
NGC4559,20.3200,145.7505
NGC4559,20.9700,145.8551
NGC5005,0.9800,263.8342
NGC5005,1.4700,259.8837
NGC5005,1.9700,254.2339
NGC5005,2.4600,257.9347
NGC5005,2.9500,263.2526
NGC5005,3.4400,267.5530
NGC5005,3.9300,266.4414
NGC5005,4.4200,264.1213
NGC5005,4.9200,263.9222
NGC5005,5.7400,264.7523
NGC5005,6.5600,265.9857
NGC5005,7.3700,264.9943
NGC5005,8.1900,265.0245
NGC5005,9.0100,265.5264
NGC5005,9.8300,264.0122
NGC5005,10.6500,260.3143
NGC5005,11.4700,255.7299
NGC5033,0.7600,246.8221
NGC5033,2.2800,251.5689
NGC5033,3.8000,243.0259
NGC5033,5.3300,230.4379
NGC5033,6.8500,221.0709
NGC5033,8.0000,214.0143
NGC5033,10.2800,208.8668
NGC5033,12.5600,206.5818
NGC5033,14.9100,204.4726
NGC5033,17.1500,203.5790
NGC5033,19.3900,203.9374
NGC5033,21.6400,207.1730
NGC5033,24.0100,208.8281
NGC5033,26.2500,208.4561
NGC5033,28.5000,206.8423
NGC5033,30.8700,204.6298
NGC5033,33.1200,203.2409
NGC5033,35.3600,201.4948
NGC5033,37.7300,200.1613
NGC5033,39.9800,199.1592
NGC5033,42.2200,198.3347
NGC5033,44.5900,197.5795
NGC5055,1.4300,182.1422
NGC5055,2.1600,202.5589
NGC5055,2.8700,218.4048
NGC5055,3.5900,217.4334
NGC5055,4.3000,220.2529
NGC5055,5.0300,224.8233
NGC5055,5.7500,229.9507
NGC5055,6.4600,235.5776
NGC5055,7.1800,236.1245
NGC5055,7.9100,236.5701
NGC5055,8.6200,236.7049
NGC5055,11.4900,232.9933
NGC5055,14.3000,230.4670
NGC5055,17.1900,227.4318
NGC5055,20.0700,221.0877
NGC5055,22.9600,215.6506
NGC5055,25.8500,211.6628
NGC5055,28.7400,209.5830
NGC5055,31.6200,208.5101
NGC5055,34.5100,208.3347
NGC5055,37.4000,206.6099
NGC5055,40.2900,206.6298
NGC5055,43.1700,206.8055
NGC5055,45.9200,207.5960
NGC5055,48.8100,207.4553
NGC5055,51.7000,206.9824
NGC5055,54.5900,205.8165
NGC5371,1.4500,182.7667
NGC5371,2.8800,186.6292
NGC5371,4.3300,196.4255
NGC5371,5.7800,208.4930
NGC5371,7.2200,215.4067
NGC5371,8.6600,225.7248
NGC5371,11.5500,254.0762
NGC5371,14.4800,275.7100
NGC5371,17.2800,281.8952
NGC5371,20.2000,289.7784
NGC5371,23.1200,292.1660
NGC5371,26.0400,286.4572
NGC5371,28.8400,279.6489
NGC5371,31.7600,274.3280
NGC5371,34.6800,270.5019
NGC5371,37.4800,264.5693
NGC5371,40.4000,260.3747
NGC5371,43.3200,257.1333
NGC5371,46.2400,254.7381
NGC5585,0.2600,28.0005
NGC5585,0.4300,36.4972
NGC5585,0.6000,41.9806
NGC5585,0.7700,46.1715
NGC5585,0.9400,49.7231
NGC5585,1.1100,52.8577
NGC5585,1.2800,54.9775
NGC5585,1.4600,57.2687
NGC5585,1.6300,59.2947
NGC5585,2.0500,63.9229
NGC5585,2.7400,70.3701
NGC5585,3.4200,74.3329
NGC5585,4.1100,79.3485
NGC5585,4.7900,82.9522
NGC5585,5.4800,84.9816
NGC5585,6.1600,86.8927
NGC5585,6.8500,87.6776
NGC5585,7.5300,88.6320
NGC5585,8.2100,90.4551
NGC5585,8.9000,91.8594
NGC5585,9.5700,92.6685
NGC5585,10.3100,93.7158
NGC5585,10.9600,94.0390
NGC5907,5.0300,162.9370
NGC5907,7.5500,191.9813
NGC5907,10.0700,213.5524
NGC5907,12.5800,225.7063
NGC5907,15.1000,227.9624
NGC5907,17.6100,230.2131
NGC5907,20.1300,232.7503
NGC5907,22.6500,234.4072
NGC5907,25.1600,230.5805
NGC5907,27.6800,230.1617
NGC5907,30.2000,232.9972
NGC5907,32.7100,230.7220
NGC5907,35.2300,231.5998
NGC5907,37.7500,229.2002
NGC5907,40.2600,229.2988
NGC5907,42.7800,227.3833
NGC5907,45.2900,226.9636
NGC5907,47.8100,226.4836
NGC5907,50.3300,227.9968
NGC5985,3.5400,153.6166
NGC5985,4.2300,155.0791
NGC5985,4.9700,157.6350
NGC5985,5.7400,163.1466
NGC5985,6.4700,169.2839
NGC5985,7.2200,177.0157
NGC5985,8.0200,184.1832
NGC5985,8.7900,190.7336
NGC5985,9.5000,197.2712
NGC5985,10.2700,205.4005
NGC5985,11.0800,213.0535
NGC5985,11.8200,217.9184
NGC5985,12.5600,221.9630
NGC5985,13.3900,226.0669
NGC5985,14.1000,229.3414
NGC5985,14.9300,231.5697
NGC5985,15.6400,232.8119
NGC5985,16.3500,234.4769
NGC5985,17.1800,236.3867
NGC5985,17.8900,236.8446
NGC5985,18.7200,236.3603
NGC5985,19.4400,236.2949
NGC5985,20.2600,237.0264
NGC5985,20.9800,237.6440
NGC5985,21.6900,238.0192
NGC5985,22.5200,238.4258
NGC5985,23.2300,238.7670
NGC5985,24.0600,239.4314
NGC5985,24.7700,240.0502
NGC5985,25.9500,241.2471
NGC5985,28.9200,242.3933
NGC5985,31.7600,241.4508
NGC5985,34.7200,243.1281
NGC6015,0.3400,39.3220
NGC6015,0.6700,57.3535
NGC6015,1.0000,72.8721
NGC6015,1.3200,79.9996
NGC6015,1.6500,86.2302
NGC6015,1.9800,92.4792
NGC6015,2.3100,99.3371
NGC6015,2.6300,106.2079
NGC6015,2.9600,113.9350
NGC6015,3.2800,121.3448
NGC6015,3.6100,128.4483
NGC6015,3.9400,134.4554
NGC6015,4.2700,139.2403
NGC6015,4.6000,142.1406
NGC6015,4.9400,143.8172
NGC6015,5.3000,144.3577
NGC6015,5.6300,144.7879
NGC6015,5.9600,146.3254
NGC6015,6.2700,147.5550
NGC6015,8.2400,151.1990
NGC6015,10.3000,151.7551
NGC6015,11.1300,152.8176
NGC6015,11.9500,154.1898
NGC6015,12.7200,154.8460
NGC6015,13.5800,155.0889
NGC6015,14.4300,155.1779
NGC6015,15.2900,155.1149
NGC6015,16.0200,154.9209
NGC6015,16.8800,154.4450
NGC6015,17.7300,153.9792
NGC6015,18.5900,153.4466
NGC6015,19.3200,153.1907
NGC6015,20.1800,153.1117
NGC6015,21.0400,152.8556
NGC6015,21.8900,152.5302
NGC6015,22.6300,152.4669
NGC6015,23.4800,152.4429
NGC6015,24.3400,152.2767
NGC6015,25.1900,152.3764
NGC6015,25.9300,154.1450
NGC6015,26.7800,151.1807
NGC6015,27.6400,149.8870
NGC6015,28.3700,148.9111
NGC6015,29.2300,148.2856
NGC6195,1.3300,211.8137
NGC6195,2.3400,239.8150
NGC6195,3.3300,250.5652
NGC6195,4.3400,258.5681
NGC6195,5.3500,263.3057
NGC6195,6.3400,269.1122
NGC6195,7.3400,273.1827
NGC6195,8.3200,274.7590
NGC6195,9.3400,274.9790
NGC6195,10.3800,276.8396
NGC6195,11.3600,278.0352
NGC6195,12.3400,278.7327
NGC6195,13.3200,280.9330
NGC6195,14.3000,284.3901
NGC6195,15.4700,289.2502
NGC6195,16.3500,291.5238
NGC6195,17.9200,294.8268
NGC6195,19.1000,297.4395
NGC6195,22.5200,298.9142
NGC6195,26.0500,293.2939
NGC6195,29.4800,286.6078
NGC6195,33.0000,281.6369
NGC6195,36.4300,280.8219
NGC6503,1.5200,106.0325
NGC6503,2.2800,124.5838
NGC6503,3.0400,124.4014
NGC6503,3.7900,120.5589
NGC6503,4.5500,117.5606
NGC6503,5.3100,115.8014
NGC6503,6.0700,114.6504
NGC6503,6.8300,114.3781
NGC6503,7.5900,114.1964
NGC6503,8.3500,113.7561
NGC6503,9.1100,113.6683
NGC6503,9.8600,113.9925
NGC6503,10.6400,114.2466
NGC6503,11.3800,114.4356
NGC6503,12.1200,114.7725
NGC6503,12.8600,115.2567
NGC6503,13.7000,115.6503
NGC6503,14.4400,115.6312
NGC6503,15.1800,115.4917
NGC6503,15.9100,115.4486
NGC6503,16.6500,115.7045
NGC6503,17.4900,115.7772
NGC6503,18.2300,115.6322
NGC6503,18.9700,115.3140
NGC6503,19.7100,115.2408
NGC6503,20.4500,115.2466
NGC6503,21.2900,115.2875
NGC6503,22.0300,115.2113
NGC6503,22.7600,115.1480
NGC6503,23.5000,114.9819
NGC6674,7.4900,218.1256
NGC6674,12.5400,236.8393
NGC6674,17.4500,238.5577
NGC6674,22.4700,238.4434
NGC6674,27.4800,238.5809
NGC6674,32.5000,236.7176
NGC6674,37.5100,234.8524
NGC6674,42.4200,234.2708
NGC6674,47.4400,233.2617
NGC6674,52.4500,231.0259
NGC6674,57.4700,231.5006
NGC6674,62.4800,231.4014
NGC6674,67.4000,229.6690
NGC6674,72.4100,227.3990
NGC6789,0.5100,30.8282
NGC6946,0.1900,197.5022
NGC6946,0.5600,153.7730
NGC6946,0.9400,142.1427
NGC6946,1.2200,140.2188
NGC6946,1.5900,142.6567
NGC6946,1.9600,145.2311
NGC6946,2.3400,150.8677
NGC6946,2.7100,159.2441
NGC6946,2.9900,161.7591
NGC6946,3.3700,166.2739
NGC6946,3.7400,169.4425
NGC6946,4.1200,172.6542
NGC6946,4.4000,175.7738
NGC6946,4.7700,180.1229
NGC6946,5.1500,184.5303
NGC6946,5.5200,190.0610
NGC6946,5.8900,191.8705
NGC6946,6.1700,190.9921
NGC6946,6.5500,192.1712
NGC6946,6.9200,194.2591
NGC6946,7.3000,194.1892
NGC6946,7.5800,193.1842
NGC6946,7.9500,191.4542
NGC6946,8.3300,189.8888
NGC6946,8.7000,190.0388
NGC6946,9.0800,190.2434
NGC6946,9.3600,190.0171
NGC6946,9.7300,189.2186
NGC6946,10.1000,188.6081
NGC6946,10.4800,187.8715
NGC6946,10.7600,187.3323
NGC6946,11.1300,186.4306
NGC6946,11.5100,185.8352
NGC6946,11.8800,185.3041
NGC6946,12.2600,184.9346
NGC6946,12.5400,184.7547
NGC6946,12.9100,184.5510
NGC6946,13.2900,184.5339
NGC6946,13.6600,184.6242
NGC6946,14.0300,184.6065
NGC6946,14.3100,184.6264
NGC6946,14.6900,183.8539
NGC6946,15.0600,182.8133
NGC6946,15.4400,182.1130
NGC6946,15.7200,181.8428
NGC6946,16.0900,177.6180
NGC6946,16.4700,177.1165
NGC6946,16.8400,176.6834
NGC6946,17.2100,176.2535
NGC6946,17.5000,175.9091
NGC6946,17.8700,175.5111
NGC6946,18.2400,175.1583
NGC6946,18.6200,174.8080
NGC6946,18.9000,174.5439
NGC7331,2.6700,267.8170
NGC7331,3.2100,282.3679
NGC7331,3.7400,295.5120
NGC7331,4.2700,298.0205
NGC7331,4.8100,298.1078
NGC7331,5.3500,301.3630
NGC7331,5.8800,298.6659
NGC7331,6.4100,296.8751
NGC7331,7.4800,290.5823
NGC7331,8.5500,280.2219
NGC7331,9.6200,275.3779
NGC7331,10.6600,271.5801
NGC7331,11.7400,268.0240
NGC7331,12.8300,266.4330
NGC7331,13.9100,264.6940
NGC7331,15.0000,262.5026
NGC7331,16.0800,260.8049
NGC7331,17.0700,260.0388
NGC7331,18.1500,260.3415
NGC7331,19.2400,261.2355
NGC7331,20.3200,261.4039
NGC7331,21.4100,260.0114
NGC7331,22.4900,258.6283
NGC7331,23.4800,257.7072
NGC7331,24.5700,255.8309
NGC7331,25.6500,254.2456
NGC7331,26.7400,252.9635
NGC7331,27.8200,251.4874
NGC7331,28.9100,249.7887
NGC7331,29.8900,248.1999
NGC7331,30.9800,246.5571
NGC7331,32.0600,245.3511
NGC7331,33.1500,244.5902
NGC7331,34.2300,243.8514
NGC7331,35.3200,242.9271
NGC7331,36.3100,241.3370
NGC7793,0.8700,62.4437
NGC7793,1.0500,66.6961
NGC7793,1.2200,70.2053
NGC7793,1.4000,73.9955
NGC7793,1.5700,77.8786
NGC7793,1.7500,81.9643
NGC7793,1.9200,86.6114
NGC7793,2.1000,91.2849
NGC7793,2.2700,95.0814
NGC7793,2.4500,96.9085
NGC7793,2.6200,98.0682
NGC7793,2.7900,99.8035
NGC7793,2.9700,101.6856
NGC7793,3.1600,103.2921
NGC7793,3.3300,104.1932
NGC7793,3.5100,105.0475
NGC7793,3.6800,105.9001
NGC7793,3.8500,106.1489
NGC7793,4.0300,106.4000
NGC7793,4.2000,106.4110
NGC7793,4.3800,106.4347
NGC7793,5.2500,107.7386
NGC7793,6.8200,107.1678
NGC7793,7.3500,106.2624
NGC7793,7.8700,105.3476
NGC7814,0.6300,293.8554
NGC7814,1.7200,267.2644
NGC7814,2.7900,243.7902
NGC7814,3.9100,231.1580
NGC7814,5.0300,222.3668
NGC7814,6.1400,214.7151
NGC7814,7.2600,208.4909
NGC7814,8.3700,204.3272
NGC7814,9.5000,200.8396
NGC7814,10.6500,198.0149
NGC7814,11.7400,195.6362
NGC7814,12.8200,193.2726
NGC7814,14.0100,190.6770
NGC7814,15.0900,189.1368
NGC7814,16.1800,188.0470
NGC7814,17.3600,186.5518
NGC7814,18.4400,185.3251
NGC7814,19.5300,184.2119
UGC00128,3.7500,68.2760
UGC00128,6.2500,77.9918
UGC00128,8.7600,86.2546
UGC00128,11.2500,93.8568
UGC00128,13.7400,102.8722
UGC00128,16.2200,110.9659
UGC00128,18.7100,117.9189
UGC00128,21.3000,124.0701
UGC00128,23.7900,129.6807
UGC00128,26.2800,133.4945
UGC00128,28.7700,138.3359
UGC00128,31.2500,140.0979
UGC00128,33.7400,139.0994
UGC00128,36.2300,139.5948
UGC00128,38.8200,141.0476
UGC00128,41.3100,141.4017
UGC00128,43.8000,140.6605
UGC00128,46.2800,139.9067
UGC00128,48.7700,138.6468
UGC00128,51.2600,137.7280
UGC00128,53.7500,137.2203
UGC00191,0.6200,29.1840
UGC00191,0.8700,36.5982
UGC00191,1.1200,41.4702
UGC00191,1.3700,45.2780
UGC00191,1.6200,48.1859
UGC00191,4.9700,75.8914
UGC00191,7.4500,88.0007
UGC00191,9.9800,91.8428
UGC00634,4.5100,72.6244
UGC00634,9.0100,93.9631
UGC00634,13.5100,105.1151
UGC00634,18.0100,106.1443
UGC00731,0.9100,18.1811
UGC00731,1.8100,28.7928
UGC00731,2.7300,34.7675
UGC00731,3.6400,45.4454
UGC00731,4.5500,50.9142
UGC00731,5.4500,55.9866
UGC00731,6.3600,64.3279
UGC00731,7.2800,74.7533
UGC00731,8.1900,81.2227
UGC00731,9.0900,84.4289
UGC00731,10.0000,87.5537
UGC00731,10.9100,88.8947
UGC00891,2.9700,51.2520
UGC00891,4.4500,60.6649
UGC00891,5.9400,63.0796
UGC00891,7.3900,64.4888
UGC01281,3.0700,50.0622
UGC01281,3.4600,52.7167
UGC01281,3.8300,53.9644
UGC01281,4.2300,54.6530
UGC01281,4.6200,57.1589
UGC01281,4.9900,59.1090
UGC02259,1.0200,35.1403
UGC02259,2.0400,51.3538
UGC02259,3.0500,62.0369
UGC02259,4.0700,69.9344
UGC02259,5.0900,73.3509
UGC02259,6.1100,77.5413
UGC02259,7.1300,80.8674
UGC02259,8.1400,80.8312
UGC02487,9.9300,296.0259
UGC02487,10.0500,296.5974
UGC02487,10.3500,298.2165
UGC02487,15.0700,301.9582
UGC02487,20.0900,304.1710
UGC02487,25.1200,304.8424
UGC02487,30.1400,305.4651
UGC02487,35.1700,299.9924
UGC02487,40.1900,294.8273
UGC02487,45.2100,291.1869
UGC02487,50.2400,287.9413
UGC02487,55.2600,285.7439
UGC02487,60.2800,284.8337
UGC02487,65.3100,283.0348
UGC02487,70.3300,281.5731
UGC02487,75.3500,279.7038
UGC02487,80.3800,277.7214
UGC02885,1.7000,243.1305
UGC02885,3.4100,246.4314
UGC02885,6.8200,251.4305
UGC02885,13.6700,262.4663
UGC02885,19.4900,266.8694
UGC02885,23.3600,273.0297
UGC02885,27.2400,276.5826
UGC02885,31.2200,277.0441
UGC02885,35.1000,277.5361
UGC02885,38.9700,280.1371
UGC02885,42.8500,282.1107
UGC02885,46.7300,279.2199
UGC02885,50.7100,282.8537
UGC02885,54.5800,288.1392
UGC02885,58.4600,290.5453
UGC02885,62.3400,289.8030
UGC02885,66.2100,289.4588
UGC02885,70.1900,291.7211
UGC02885,74.0700,291.7838
UGC02916,1.1100,193.5595
UGC02916,1.4800,213.6831
UGC02916,1.8400,231.4513
UGC02916,2.2100,246.0736
UGC02916,2.6000,254.0900
UGC02916,2.9600,252.8593
UGC02916,3.1700,254.0644
UGC02916,3.3300,253.8394
UGC02916,3.7000,252.8611
UGC02916,4.0700,251.0261
UGC02916,4.4400,248.3631
UGC02916,4.8100,245.2971
UGC02916,5.1800,242.2061
UGC02916,5.5500,238.8083
UGC02916,5.9200,235.7634
UGC02916,6.2800,233.2933
UGC02916,6.3400,232.9509
UGC02916,6.6500,231.2996
UGC02916,7.0300,229.5881
UGC02916,7.3900,228.1822
UGC02916,7.7700,226.7974
UGC02916,8.1400,225.8229
UGC02916,8.5100,224.8473
UGC02916,8.8800,223.9238
UGC02916,9.2500,223.3527
UGC02916,9.5200,222.8405
UGC02916,9.6200,222.6608
UGC02916,9.9900,222.0675
UGC02916,10.4000,221.4574
UGC02916,10.7100,221.2048
UGC02916,11.1200,220.8076
UGC02916,12.6700,220.1589
UGC02916,12.9800,220.1633
UGC02916,15.8600,221.5216
UGC02916,19.0500,225.5386
UGC02916,22.1400,229.7241
UGC02916,25.3400,231.2585
UGC02916,28.5300,230.4160
UGC02916,31.7200,228.1164
UGC02916,34.9100,227.2110
UGC02916,38.0000,226.3427
UGC02953,0.2600,174.8411
UGC02953,0.3400,193.6351
UGC02953,0.4300,205.4217
UGC02953,0.5100,212.6975
UGC02953,0.6000,219.5513
UGC02953,0.6900,224.8795
UGC02953,0.7700,228.9338
UGC02953,0.8600,232.5066
UGC02953,0.9500,235.6296
UGC02953,1.0300,238.8349
UGC02953,1.1100,241.3934
UGC02953,1.2000,244.5404
UGC02953,1.2900,247.3793
UGC02953,1.3800,249.8113
UGC02953,1.4600,251.5314
UGC02953,1.5500,253.0404
UGC02953,1.6300,254.0901
UGC02953,1.7200,254.9563
UGC02953,1.8000,255.5549
UGC02953,1.8900,256.0148
UGC02953,1.9800,256.3300
UGC02953,2.0700,256.5678
UGC02953,2.1500,256.7375
UGC02953,2.2300,256.8985
UGC02953,2.3200,257.0922
UGC02953,2.4000,257.2977
UGC02953,2.4900,257.5948
UGC02953,2.5800,258.0305
UGC02953,2.6700,258.6515
UGC02953,2.7500,259.3405
UGC02953,2.8300,260.1588
UGC02953,2.9200,261.2321
UGC02953,3.0000,262.2231
UGC02953,3.0900,263.3479
UGC02953,3.1800,264.3847
UGC02953,3.2700,265.3411
UGC02953,3.3500,266.1162
UGC02953,3.4300,266.8130
UGC02953,4.2100,271.1965
UGC02953,4.2900,271.5744
UGC02953,4.3800,271.9314
UGC02953,4.4700,272.3072
UGC02953,4.8000,273.5533
UGC02953,5.2500,275.7282
UGC02953,5.3200,276.0844
UGC02953,5.4100,276.4880
UGC02953,5.5000,276.8390
UGC02953,5.5800,277.0645
UGC02953,5.6700,277.1507
UGC02953,5.7600,277.3754
UGC02953,6.0000,277.9310
UGC02953,6.1800,278.2607
UGC02953,6.2700,278.4325
UGC02953,6.3600,278.6350
UGC02953,6.4500,278.8714
UGC02953,6.5300,279.1101
UGC02953,6.6100,279.4061
UGC02953,6.7000,279.8167
UGC02953,6.7900,280.3152
UGC02953,6.8700,280.5320
UGC02953,6.9600,281.0024
UGC02953,7.0500,281.4355
UGC02953,7.2000,281.9828
UGC02953,7.3900,282.2814
UGC02953,7.4700,282.2231
UGC02953,7.9900,281.5340
UGC02953,8.0800,281.5239
UGC02953,8.1600,281.4768
UGC02953,8.2500,281.6412
UGC02953,8.3400,281.8012
UGC02953,8.4000,281.8935
UGC02953,9.5900,281.9455
UGC02953,10.8000,281.1068
UGC02953,12.0200,282.8424
UGC02953,13.2200,283.3422
UGC02953,14.4200,280.9145
UGC02953,15.6300,275.4475
UGC02953,16.8300,269.9262
UGC02953,18.0300,266.9237
UGC02953,19.2300,264.3200
UGC02953,20.4300,261.6864
UGC02953,21.6400,259.2833
UGC02953,22.8400,256.9759
UGC02953,24.0400,254.5747
UGC02953,25.2400,252.0686
UGC02953,26.4400,249.7858
UGC02953,27.6500,247.8944
UGC02953,28.8500,246.2157
UGC02953,30.0500,244.7067
UGC02953,31.2500,243.5345
UGC02953,32.3400,242.6899
UGC02953,33.5500,241.8723
UGC02953,34.7500,240.9919
UGC02953,35.9500,240.0511
UGC02953,37.1500,239.1551
UGC02953,38.3500,238.3815
UGC02953,39.5600,237.7537
UGC02953,40.7600,237.3475
UGC02953,41.9600,236.9413
UGC02953,43.1600,236.4262
UGC02953,44.3600,235.8878
UGC02953,45.5700,235.5466
UGC02953,46.7700,235.2845
UGC02953,47.9700,234.9194
UGC02953,49.1700,234.5141
UGC02953,50.3700,234.1933
UGC02953,51.5800,233.9230
UGC02953,52.7800,233.4962
UGC02953,53.9800,233.0228
UGC02953,55.1800,232.6273
UGC02953,57.5900,232.0393
UGC02953,59.9900,231.1542
UGC02953,62.3900,230.4993
UGC03205,0.8300,146.9839
UGC03205,1.3900,162.4336
UGC03205,1.6500,168.2806
UGC03205,3.0400,177.9144
UGC03205,3.3200,178.4259
UGC03205,3.5900,179.7805
UGC03205,3.8700,182.0598
UGC03205,4.1500,185.8131
UGC03205,4.4300,189.8563
UGC03205,4.7000,193.2448
UGC03205,4.9700,195.9635
UGC03205,5.2500,198.5086
UGC03205,5.5200,201.5619
UGC03205,5.8000,204.8682
UGC03205,6.0800,207.9036
UGC03205,6.3600,210.7639
UGC03205,6.6300,212.8069
UGC03205,6.9100,214.4959
UGC03205,7.1900,215.7749
UGC03205,7.2700,216.0373
UGC03205,7.4600,216.5989
UGC03205,8.0200,218.0716
UGC03205,8.2900,218.5874
UGC03205,8.5600,219.0160
UGC03205,8.8400,219.1974
UGC03205,9.1200,219.3528
UGC03205,9.6900,219.2394
UGC03205,12.1100,215.6062
UGC03205,14.5800,211.7594
UGC03205,14.6800,211.6009
UGC03205,15.2000,210.9406
UGC03205,15.5000,210.7266
UGC03205,15.7100,210.6741
UGC03205,16.0200,210.5300
UGC03205,16.3200,210.3776
UGC03205,16.5300,210.3735
UGC03205,16.8400,210.3240
UGC03205,16.9400,210.3655
UGC03205,19.4000,209.9226
UGC03205,21.7700,209.8447
UGC03205,24.2300,208.6943
UGC03205,26.6900,207.3796
UGC03205,29.0600,205.5689
UGC03205,31.5200,203.6330
UGC03205,36.3400,200.2550
UGC03205,40.0400,197.3935
UGC03546,1.5900,264.1215
UGC03546,1.9000,255.0936
UGC03546,2.0600,252.2115
UGC03546,2.2200,250.1380
UGC03546,2.7900,245.4332
UGC03546,2.8600,244.8978
UGC03546,4.1700,231.5232
UGC03546,5.5600,217.9112
UGC03546,6.9600,212.2740
UGC03546,8.3500,209.7161
UGC03546,9.7300,210.2664
UGC03546,11.1400,207.8980
UGC03546,12.5100,206.2020
UGC03546,13.8800,205.9346
UGC03546,15.3500,205.9212
UGC03546,16.7200,204.6735
UGC03546,18.0800,202.6826
UGC03546,19.4500,200.3845
UGC03546,20.9200,197.9083
UGC03546,22.9200,194.6816
UGC03546,25.0200,192.1809
UGC03546,29.2300,188.6673
UGC03580,0.8000,103.5741
UGC03580,0.9200,106.6395
UGC03580,1.0300,109.4788
UGC03580,1.1400,111.3163
UGC03580,1.2600,112.7950
UGC03580,1.3700,113.6116
UGC03580,1.4900,113.9709
UGC03580,1.6100,114.2330
UGC03580,1.7100,114.4137
UGC03580,1.8300,114.5552
UGC03580,2.0600,114.5769
UGC03580,2.1800,114.7070
UGC03580,2.2900,115.0734
UGC03580,2.4000,115.5664
UGC03580,2.5200,116.1129
UGC03580,2.6300,116.5608
UGC03580,2.7500,116.8710
UGC03580,2.8600,117.0710
UGC03580,2.9800,117.2263
UGC03580,3.0900,117.3025
UGC03580,3.2000,117.3529
UGC03580,4.5200,117.2802
UGC03580,6.0300,117.4477
UGC03580,7.5300,118.8198
UGC03580,8.5800,119.6485
UGC03580,8.7000,119.7778
UGC03580,8.8200,119.9198
UGC03580,9.0300,120.1538
UGC03580,9.0500,120.1569
UGC03580,10.5300,122.0584
UGC03580,12.0700,124.0901
UGC03580,13.5800,125.5541
UGC03580,15.0900,126.6786
UGC03580,16.6000,127.6251
UGC03580,18.1100,128.5411
UGC03580,19.6200,129.2837
UGC03580,21.0200,129.6539
UGC03580,24.0400,128.5315
UGC03580,27.0600,127.6376
UGC04278,1.8000,41.8401
UGC04278,2.0700,43.3126
UGC04278,2.3500,45.6138
UGC04278,2.6300,47.8598
UGC04278,3.1900,51.0925
UGC04278,3.4600,52.0504
UGC04278,4.0100,53.4461
UGC04278,4.2900,53.9513
UGC04278,4.5700,56.0766
UGC04278,4.8500,59.5204
UGC04278,5.1300,62.7890
UGC04278,5.4000,68.0179
UGC04278,6.3600,87.4918
UGC04278,6.5100,89.8438
UGC04278,6.6900,89.7818
UGC04325,0.7000,29.4703
UGC04325,1.4000,44.3338
UGC04325,2.0900,57.5683
UGC04325,2.7900,68.1248
UGC04325,3.4900,75.6870
UGC04325,4.1900,79.7531
UGC04325,4.8900,82.4301
UGC04325,5.5900,84.1606
UGC04483,0.4000,20.7993
UGC04483,0.5700,24.2831
UGC04483,0.7300,26.6312
UGC04483,0.8900,28.2896
UGC04483,1.0500,29.7831
UGC04483,1.2100,31.0190
UGC04499,1.8200,49.0399
UGC04499,2.7300,58.5932
UGC04499,3.6300,67.8934
UGC04499,4.5500,73.0324
UGC04499,5.4500,77.1360
UGC04499,6.3700,79.6016
UGC04499,7.2800,84.0258
UGC04499,8.1800,87.0178
UGC05253,0.2500,187.3063
UGC05253,0.3800,216.1110
UGC05253,0.5100,229.9530
UGC05253,0.6300,237.0685
UGC05253,0.7600,240.3871
UGC05253,0.8900,242.4146
UGC05253,1.0100,244.6909
UGC05253,1.1400,245.9321
UGC05253,1.2700,245.7122
UGC05253,1.3900,246.8679
UGC05253,1.5200,247.5519
UGC05253,1.6500,247.4950
UGC05253,1.7700,247.3333
UGC05253,1.9000,247.2434
UGC05253,2.0300,247.3128
UGC05253,2.1600,247.5820
UGC05253,2.2800,248.1795
UGC05253,2.4100,249.1084
UGC05253,2.5400,250.3186
UGC05253,2.6600,251.4305
UGC05253,2.7900,252.6777
UGC05253,2.9200,253.7611
UGC05253,3.0400,254.6709
UGC05253,3.1700,255.4622
UGC05253,3.3000,256.0782
UGC05253,3.4200,256.4720
UGC05253,3.5500,256.7518
UGC05253,3.6800,257.2387
UGC05253,3.8000,257.5094
UGC05253,3.9300,257.5844
UGC05253,4.0600,257.5904
UGC05253,4.1800,257.4321
UGC05253,4.3100,257.1706
UGC05253,4.4400,256.8779
UGC05253,4.5600,256.5257
UGC05253,4.6900,256.0780
UGC05253,4.8200,255.6339
UGC05253,4.9400,255.1751
UGC05253,4.9900,254.9775
UGC05253,5.0700,254.6453
UGC05253,5.2000,254.0765
UGC05253,5.4500,253.0096
UGC05253,5.5800,252.3654
UGC05253,5.7000,251.7795
UGC05253,5.8300,251.0211
UGC05253,6.4700,248.1078
UGC05253,6.5900,247.7265
UGC05253,6.6600,247.5451
UGC05253,6.7200,247.3490
UGC05253,6.8500,247.0699
UGC05253,6.9700,246.8649
UGC05253,7.1000,246.6798
UGC05253,7.2300,246.5628
UGC05253,8.3200,245.7645
UGC05253,10.0000,243.0934
UGC05253,11.6100,241.6032
UGC05253,13.3500,236.8610
UGC05253,14.9800,232.9481
UGC05253,16.6100,230.2354
UGC05253,18.3400,228.9052
UGC05253,19.9700,228.8362
UGC05253,21.6000,228.4230
UGC05253,23.3300,228.4379
UGC05253,26.7000,228.3365
UGC05253,29.9500,227.2503
UGC05253,33.3200,225.6392
UGC05253,36.6800,224.4758
UGC05253,39.9400,223.1501
UGC05253,43.3000,222.3748
UGC05253,46.6700,223.0585
UGC05253,49.9200,224.1587
UGC05253,53.2900,223.7202
UGC05414,1.3700,43.7718
UGC05414,2.0500,53.1868
UGC05414,2.7400,59.6613
UGC05414,3.4200,64.0632
UGC05414,4.1100,68.0940
UGC05716,2.0700,44.7734
UGC05716,3.0900,50.4417
UGC05716,4.1300,55.3502
UGC05716,5.1600,60.5374
UGC05716,6.2000,65.5344
UGC05716,7.2300,70.8308
UGC05716,8.2600,75.3031
UGC05716,9.2800,78.5021
UGC05716,10.3400,80.6874
UGC05716,11.4000,81.5853
UGC05716,12.3700,81.3493
UGC05721,0.4500,40.6290
UGC05721,0.6300,45.5973
UGC05721,0.8100,48.5470
UGC05721,0.9900,50.6243
UGC05721,1.1700,53.0519
UGC05721,1.3500,54.5525
UGC05721,1.5300,56.2645
UGC05721,1.8900,58.5012
UGC05721,2.0700,57.3938
UGC05721,2.2500,55.9244
UGC05721,2.6700,56.4786
UGC05721,3.1500,58.3487
UGC05721,3.6100,59.0539
UGC05721,4.0400,59.8234
UGC05721,4.4900,61.4615
UGC05721,4.9300,63.8691
UGC05721,5.3800,66.0100
UGC05721,5.8600,67.0813
UGC05721,6.2800,67.6015
UGC05721,6.7400,68.3827
UGC05750,4.8200,57.0781
UGC05750,6.6000,70.4782
UGC05764,0.3600,13.3182
UGC05764,0.7300,22.8415
UGC05764,1.0900,29.0672
UGC05764,1.4500,34.5110
UGC05764,1.8100,39.9677
UGC05764,2.1700,44.3482
UGC05764,2.5400,47.7291
UGC05764,2.9000,49.9347
UGC05764,3.2600,50.6715
UGC05764,3.6200,51.0919
UGC05829,4.4000,59.3967
UGC05829,5.0300,66.9193
UGC05829,5.6500,73.9533
UGC05829,6.2900,78.3568
UGC05829,6.9100,80.9339
UGC05918,2.7900,42.3995
UGC05918,3.3400,44.5806
UGC05918,3.9000,48.0571
UGC05918,4.4600,51.5695
UGC05986,0.6300,36.9045
UGC05986,1.2600,49.3747
UGC05986,1.8800,62.2204
UGC05986,2.5100,75.2782
UGC05986,3.1300,82.1741
UGC05986,3.7700,86.7848
UGC05986,4.3900,91.9435
UGC05986,5.0200,95.6273
UGC05986,5.6500,96.0347
UGC05986,6.2800,95.5304
UGC05986,6.9000,95.5949
UGC05986,7.5400,94.3062
UGC05986,8.1600,93.0108
UGC05986,8.7900,92.9676
UGC05986,9.4100,95.0318
UGC06399,2.6100,55.3296
UGC06399,3.5000,65.0398
UGC06399,4.3700,71.0147
UGC06399,5.2400,76.3409
UGC06399,6.1100,80.2723
UGC06399,6.9800,82.8312
UGC06399,7.8500,84.7420
UGC06446,1.7400,45.1357
UGC06446,2.3300,49.3326
UGC06446,2.9100,55.2063
UGC06446,3.4900,59.4544
UGC06446,4.0700,60.5021
UGC06446,4.6500,64.3840
UGC06446,5.2300,69.0091
UGC06446,5.8100,72.5644
UGC06446,6.4000,76.5125
UGC06446,6.9800,80.0767
UGC06446,7.6200,84.0100
UGC06446,8.2800,85.6288
UGC06446,8.9000,83.8650
UGC06446,9.5200,85.1226
UGC06614,3.2300,230.5166
UGC06614,9.1800,208.6594
UGC06614,10.6400,206.6949
UGC06614,11.5800,206.8912
UGC06614,12.5200,208.2431
UGC06614,13.5700,211.8536
UGC06614,34.9600,207.3391
UGC06614,36.8400,207.4103
UGC06614,47.3800,214.5002
UGC06614,64.5900,222.0670
UGC06667,1.7400,25.1816
UGC06667,2.6100,36.9071
UGC06667,3.5000,49.1227
UGC06667,4.3700,55.1453
UGC06667,5.2400,62.8453
UGC06667,6.1100,66.9526
UGC06667,6.9800,72.0871
UGC06667,7.8500,73.3882
UGC06786,1.3000,185.5681
UGC06786,1.4600,185.2146
UGC06786,1.6200,184.8492
UGC06786,3.7200,180.3642
UGC06786,3.8900,180.9915
UGC06786,4.0500,181.6144
UGC06786,4.2200,182.6896
UGC06786,4.2600,182.9910
UGC06786,4.3800,183.9466
UGC06786,4.5400,185.4918
UGC06786,4.7100,187.5199
UGC06786,4.8600,189.3154
UGC06786,5.0200,191.0242
UGC06786,5.1800,192.3392
UGC06786,5.3500,193.4684
UGC06786,5.5100,194.2220
UGC06786,5.6800,194.6599
UGC06786,5.8400,194.9312
UGC06786,6.0000,195.1382
UGC06786,6.1500,195.3677
UGC06786,6.4800,195.9363
UGC06786,6.6400,196.0895
UGC06786,6.8100,196.1445
UGC06786,7.1000,196.1106
UGC06786,7.1300,196.0699
UGC06786,8.5200,191.3750
UGC06786,10.6600,188.0285
UGC06786,11.9900,187.1963
UGC06786,12.1000,187.1599
UGC06786,12.3300,187.0420
UGC06786,12.7800,186.8939
UGC06786,14.9300,185.9843
UGC06786,17.0800,184.5828
UGC06786,19.2300,183.0688
UGC06786,21.2700,181.2738
UGC06786,23.4200,180.1629
UGC06786,25.5700,178.5726
UGC06786,27.7200,176.9099
UGC06786,29.8700,175.7080
UGC06786,32.0200,174.7322
UGC06786,34.0500,174.0452
UGC06787,0.4700,272.4024
UGC06787,0.5900,275.4348
UGC06787,0.7100,276.1822
UGC06787,0.8300,274.9889
UGC06787,0.9400,273.2226
UGC06787,1.0600,272.7394
UGC06787,1.1800,272.6547
UGC06787,1.3000,272.2458
UGC06787,1.4200,271.7711
UGC06787,1.5300,270.8401
UGC06787,1.6600,269.7627
UGC06787,1.8900,267.0880
UGC06787,2.0100,265.3238
UGC06787,2.1300,263.4112
UGC06787,2.2400,261.5465
UGC06787,3.1000,247.1318
UGC06787,3.7900,236.5325
UGC06787,3.9000,234.9975
UGC06787,4.1400,232.1704
UGC06787,4.2500,230.9413
UGC06787,4.3700,229.6968
UGC06787,4.4900,228.5572
UGC06787,4.6100,227.4907
UGC06787,4.7200,226.5972
UGC06787,5.1600,223.8284
UGC06787,5.4300,222.6017
UGC06787,5.5600,222.0973
UGC06787,5.6700,221.6805
UGC06787,5.7900,221.2291
UGC06787,5.9100,220.6111
UGC06787,6.0300,220.1030
UGC06787,6.2000,219.4620
UGC06787,6.5000,218.3771
UGC06787,6.8500,217.4088
UGC06787,6.9800,217.1100
UGC06787,7.0900,216.9134
UGC06787,7.2100,216.7435
UGC06787,7.2200,216.7400
UGC06787,7.3300,216.6154
UGC06787,7.4500,216.4821
UGC06787,7.5600,216.3248
UGC06787,8.2600,214.3913
UGC06787,8.9800,211.9664
UGC06787,9.0900,211.6119
UGC06787,9.3000,210.9373
UGC06787,10.3200,207.6288
UGC06787,11.3800,205.4527
UGC06787,12.4000,203.6120
UGC06787,13.4100,202.3904
UGC06787,14.4300,201.1960
UGC06787,15.4400,200.0791
UGC06787,16.5700,199.0625
UGC06787,17.5800,198.3591
UGC06787,18.6000,197.6348
UGC06787,19.6100,196.8542
UGC06787,20.6200,196.4526
UGC06787,21.6400,196.4732
UGC06787,22.7700,196.8209
UGC06787,23.7800,197.2711
UGC06787,24.7900,197.4785
UGC06787,25.8100,197.3254
UGC06787,26.8200,197.0530
UGC06787,27.8400,196.7736
UGC06787,29.4100,196.0981
UGC06787,30.9900,195.1131
UGC06787,32.5700,194.2341
UGC06787,34.0300,193.7145
UGC06787,37.1900,191.9885
UGC06818,3.5000,62.8988
UGC06818,4.3700,66.3446
UGC06818,5.2400,70.6391
UGC06818,6.1100,72.9687
UGC06818,6.9800,74.6875
UGC06917,1.7400,63.1422
UGC06917,2.6100,70.3655
UGC06917,3.5000,77.0668
UGC06917,4.3700,84.1205
UGC06917,5.2400,88.9476
UGC06917,6.1100,93.0569
UGC06917,6.9800,97.5545
UGC06917,7.8500,100.6851
UGC06917,8.7200,103.2082
UGC06917,9.6000,106.9376
UGC06917,10.4700,111.5948
UGC06923,2.8700,75.3329
UGC06923,3.7200,80.7508
UGC06923,4.4700,84.4909
UGC06923,5.1600,87.5954
UGC06930,3.5000,75.6029
UGC06930,5.2400,87.7335
UGC06930,6.9800,98.7624
UGC06930,8.7200,107.0064
UGC06930,10.4700,114.2840
UGC06930,12.1900,120.1951
UGC06930,13.9400,122.9901
UGC06930,15.6800,121.3529
UGC06930,16.6100,120.7493
UGC06983,2.6100,73.2929
UGC06983,3.5000,76.1188
UGC06983,4.3700,79.0230
UGC06983,5.2400,83.6195
UGC06983,6.1100,86.5273
UGC06983,6.9800,91.4083
UGC06983,7.8500,97.2262
UGC06983,8.7200,98.9349
UGC06983,9.6000,101.1653
UGC06983,10.4700,105.4739
UGC06983,11.3500,108.4009
UGC06983,12.1900,110.0447
UGC06983,13.1200,111.9127
UGC06983,13.9400,112.5118
UGC06983,14.8600,112.7745
UGC07089,2.6100,60.3614
UGC07089,3.5000,68.1353
UGC07089,4.3700,74.1915
UGC07089,5.2400,79.3987
UGC07089,6.1100,83.0714
UGC07089,6.9800,86.1966
UGC07089,7.8500,88.8589
UGC07089,8.7200,90.8712
UGC07089,9.1600,91.3798
UGC07125,2.8800,60.0459
UGC07125,4.3300,66.8805
UGC07125,5.7600,72.6913
UGC07125,7.2000,74.7878
UGC07125,8.6400,80.8990
UGC07125,10.0800,86.5641
UGC07125,11.4700,91.9894
UGC07125,13.0000,101.8772
UGC07125,14.4200,105.0152
UGC07125,15.8400,105.4594
UGC07125,17.2600,108.0726
UGC07125,18.6800,103.7763
UGC07151,0.5000,30.0111
UGC07151,1.0000,44.8526
UGC07151,1.5000,53.5875
UGC07151,2.0000,60.8792
UGC07151,2.4900,65.7817
UGC07151,3.0000,69.5734
UGC07151,3.4900,71.2359
UGC07151,4.0000,75.8272
UGC07151,4.4900,78.5031
UGC07151,5.0100,81.5049
UGC07151,5.5000,84.5822
UGC07232,0.6200,34.7670
UGC07232,0.8200,37.3633
UGC07261,1.9000,60.7883
UGC07261,2.8600,66.1599
UGC07261,3.8100,70.9148
UGC07261,4.7600,73.1635
UGC07261,5.7200,76.4813
UGC07261,6.6700,81.7841
UGC07323,1.7500,53.7254
UGC07323,2.3300,61.0195
UGC07323,2.9100,68.2501
UGC07323,3.5000,74.6417
UGC07323,4.0700,80.9468
UGC07323,4.6500,87.7165
UGC07323,5.2300,91.6100
UGC07323,5.8200,93.9501
UGC07399,0.6100,36.5866
UGC07399,1.2200,48.3664
UGC07399,1.8400,53.7608
UGC07399,2.4500,58.5954
UGC07399,3.0700,62.7927
UGC07399,3.6800,65.2552
UGC07399,4.3000,66.9303
UGC07399,4.9100,69.6755
UGC07399,5.5200,72.8317
UGC07399,6.1300,74.3138
UGC07524,1.7200,37.6958
UGC07524,2.0700,41.3840
UGC07524,2.4100,44.4588
UGC07524,2.7600,48.6404
UGC07524,3.1000,51.9585
UGC07524,3.4500,55.3123
UGC07524,3.7900,58.4714
UGC07524,4.1400,61.7879
UGC07524,4.4800,64.3979
UGC07524,4.8200,66.4282
UGC07524,5.1700,68.3932
UGC07524,5.5100,69.5323
UGC07524,5.8600,70.5217
UGC07524,6.2000,72.1232
UGC07524,6.5500,74.1623
UGC07524,6.8900,76.3219
UGC07524,7.2500,78.5816
UGC07524,7.5800,80.8161
UGC07524,7.9400,83.2598
UGC07524,8.2700,85.6390
UGC07524,8.6300,88.1699
UGC07524,8.9700,90.1599
UGC07524,9.3000,91.9933
UGC07524,9.6600,93.7293
UGC07524,9.9900,95.2128
UGC07524,10.3500,96.7471
UGC07524,10.6900,97.4329
UGC07603,0.6800,35.3124
UGC07603,1.0200,40.8573
UGC07603,1.3700,44.6837
UGC07603,1.7100,49.7301
UGC07603,2.0500,52.3262
UGC07603,2.3900,52.6786
UGC07603,2.7400,51.9853
UGC07603,3.0800,51.9882
UGC07603,3.4200,52.9526
UGC07603,3.7600,53.9553
UGC07603,4.1100,54.5863
UGC07690,0.5900,45.8779
UGC07690,1.1800,55.6561
UGC07690,1.7700,59.2184
UGC07690,2.3600,62.3892
UGC07690,2.9500,63.9946
UGC07690,3.5400,65.0078
UGC07690,4.1300,65.5228
UGC08286,0.9500,33.8608
UGC08286,1.4200,41.6359
UGC08286,1.9000,49.7808
UGC08286,2.3700,56.1595
UGC08286,2.8400,58.9800
UGC08286,3.3000,62.3005
UGC08286,3.7800,65.5390
UGC08286,4.2500,68.7002
UGC08286,4.7300,72.1372
UGC08286,5.2000,72.1462
UGC08286,5.6700,72.6779
UGC08286,6.1500,71.9635
UGC08286,6.6200,72.6248
UGC08286,7.1000,76.4370
UGC08286,7.5700,76.5361
UGC08286,8.0400,77.6495
UGC08490,0.3400,30.0141
UGC08490,0.6800,43.3492
UGC08490,1.0200,50.9458
UGC08490,1.3600,55.5661
UGC08490,1.6900,58.4803
UGC08490,2.0300,60.5010
UGC08490,2.3700,62.6992
UGC08490,2.7000,64.4883
UGC08490,3.0500,65.5286
UGC08490,3.3800,66.6619
UGC08490,3.7200,68.4915
UGC08490,4.0600,70.0416
UGC08490,4.3900,70.1295
UGC08490,4.7400,70.2779
UGC08490,5.0800,69.7995
UGC08490,5.4100,68.6579
UGC08490,5.7500,69.2244
UGC08490,6.0900,70.1124
UGC08490,6.4200,70.2561
UGC08490,6.7700,70.6337
UGC08490,7.1100,70.8092
UGC08490,7.4400,72.3085
UGC08490,7.7800,72.9194
UGC08490,8.1200,72.0209
UGC08490,8.4600,72.6341
UGC08490,8.8000,73.3444
UGC08490,9.1300,73.0425
UGC08490,9.4700,72.7208
UGC08490,9.7700,73.0379
UGC08490,10.1500,73.7921
UGC08550,0.4900,24.5315
UGC08550,0.9700,36.4008
UGC08550,1.4700,43.7819
UGC08550,1.9500,47.1447
UGC08550,2.4400,47.5011
UGC08550,2.9200,46.9009
UGC08550,3.4100,48.3160
UGC08550,3.8900,50.3020
UGC08550,4.3900,54.6407
UGC08550,4.8800,58.8453
UGC08550,5.3600,60.6915
UGC08699,0.8700,218.6545
UGC08699,1.0800,212.8725
UGC08699,1.3100,206.6034
UGC08699,1.5200,200.5865
UGC08699,1.7300,195.4158
UGC08699,1.9600,191.3873
UGC08699,2.1700,188.8896
UGC08699,2.3900,186.6124
UGC08699,2.6000,184.6526
UGC08699,2.8300,182.0258
UGC08699,3.0400,179.4692
UGC08699,5.8700,165.0866
UGC08699,6.0800,165.4998
UGC08699,6.3000,166.0099
UGC08699,6.5200,166.5846
UGC08699,6.7400,167.1598
UGC08699,6.9500,167.7217
UGC08699,7.1600,168.3954
UGC08699,7.3900,169.2557
UGC08699,7.6000,170.2809
UGC08699,7.8200,171.4160
UGC08699,8.0300,172.5585
UGC08699,8.2600,173.8179
UGC08699,8.4700,174.9362
UGC08699,8.6800,175.8943
UGC08699,8.9100,176.7021
UGC08699,9.5300,177.2234
UGC08699,9.7800,177.0814
UGC08699,9.9900,176.8108
UGC08699,10.2100,176.3643
UGC08699,11.4600,173.7196
UGC08699,13.3900,171.0914
UGC08699,15.2100,169.6119
UGC08699,17.1300,168.1467
UGC08699,19.0600,167.0916
UGC08699,20.9900,166.3277
UGC08699,22.9200,165.3427
UGC08699,25.7000,163.3709
UGC08837,1.5700,34.7560
UGC08837,2.0900,45.0503
UGC08837,2.6300,51.9335
UGC08837,3.1500,55.6187
UGC08837,3.6800,59.4951
UGC08837,4.2000,63.2645
UGC09037,2.4300,121.7663
UGC09037,3.6500,136.9192
UGC09037,4.8600,144.9594
UGC09037,6.0800,152.1148
UGC09037,7.2900,162.6729
UGC09037,8.5100,167.0071
UGC09037,9.7300,170.1483
UGC09037,10.9600,173.1959
UGC09037,12.1900,177.9731
UGC09037,13.4100,180.9233
UGC09037,14.5500,182.6244
UGC09037,15.7800,185.2785
UGC09037,17.0000,185.7534
UGC09037,18.2300,184.8381
UGC09037,19.4600,184.0805
UGC09037,20.6900,186.4540
UGC09037,21.9200,186.2401
UGC09037,23.1400,185.1962
UGC09037,24.2800,185.8889
UGC09037,25.5100,184.4079
UGC09133,0.6300,251.2497
UGC09133,0.9500,278.7920
UGC09133,1.2600,288.0298
UGC09133,1.5800,292.1903
UGC09133,1.8900,292.5609
UGC09133,2.2100,291.9756
UGC09133,2.5200,290.7668
UGC09133,2.8400,289.3859
UGC09133,3.1500,289.1821
UGC09133,3.4700,290.9538
UGC09133,3.7900,292.8485
UGC09133,4.1000,294.0296
UGC09133,4.4200,294.3366
UGC09133,4.7300,293.6292
UGC09133,5.0500,292.1904
UGC09133,5.3600,290.4818
UGC09133,5.6800,288.8095
UGC09133,5.9900,287.4474
UGC09133,6.3100,286.4079
UGC09133,6.6200,285.9958
UGC09133,6.9400,285.9428
UGC09133,7.5700,285.8715
UGC09133,7.8900,285.3263
UGC09133,8.2000,284.3757
UGC09133,8.3100,284.0722
UGC09133,8.5200,283.6550
UGC09133,8.8300,283.2989
UGC09133,9.1500,282.8969
UGC09133,9.7800,281.5050
UGC09133,10.1000,280.4420
UGC09133,11.0400,277.2780
UGC09133,11.3600,276.3140
UGC09133,11.6700,275.4943
UGC09133,13.5700,272.2600
UGC09133,13.8800,271.6714
UGC09133,14.2000,271.2547
UGC09133,16.6100,268.1924
UGC09133,19.3500,266.4035
UGC09133,22.1900,263.6360
UGC09133,24.9200,262.9452
UGC09133,27.6600,262.5036
UGC09133,30.5000,261.5803
UGC09133,33.2300,260.2231
UGC09133,35.9600,257.9316
UGC09133,38.8000,255.5964
UGC09133,41.5400,253.8113
UGC09133,44.2700,252.7252
UGC09133,47.1100,252.4043
UGC09133,49.8400,251.8926
UGC09133,52.5800,250.6185
UGC09133,55.4200,249.7918
UGC09133,58.1500,249.9470
UGC09133,60.8900,250.9230
UGC09133,63.6200,250.9625
UGC09133,66.4600,250.6371
UGC09133,69.1900,250.2214
UGC09133,71.9300,250.0682
UGC09133,74.7700,250.2128
UGC09133,77.5000,250.6876
UGC09133,80.2300,251.1449
UGC09133,83.0700,251.4522
UGC09133,85.8100,251.5285
UGC09133,88.5400,251.3329
UGC09133,91.3800,251.0769
UGC09133,94.1200,250.8956
UGC09133,99.6900,251.0831
UGC09133,108.3100,250.6335
UGC10310,2.2100,51.3753
UGC10310,3.3100,61.3081
UGC10310,4.4200,68.6112
UGC10310,5.5200,78.2651
UGC10310,6.6400,84.2935
UGC10310,7.7400,85.8631
UGC11455,1.2300,96.3096
UGC11455,1.8300,118.9927
UGC11455,2.4700,136.1665
UGC11455,3.0800,147.8550
UGC11455,3.6800,157.5263
UGC11455,4.3200,166.9139
UGC11455,4.9100,175.2358
UGC11455,5.5300,187.4738
UGC11455,6.1700,201.3754
UGC11455,6.7800,218.7718
UGC11455,7.3800,235.6637
UGC11455,8.0000,246.0548
UGC11455,8.6200,250.1819
UGC11455,9.2300,255.5484
UGC11455,9.8500,262.2613
UGC11455,10.4300,268.2665
UGC11455,11.0500,273.4732
UGC11455,11.6700,277.7738
UGC11455,12.1900,281.4808
UGC11455,12.9100,285.9072
UGC11455,14.5600,292.8492
UGC11455,16.6300,291.6686
UGC11455,17.7700,290.5074
UGC11455,18.4900,290.5177
UGC11455,20.2400,293.0577
UGC11455,22.6200,296.7080
UGC11455,24.8900,295.6175
UGC11455,27.0600,290.7939
UGC11455,29.1300,285.6788
UGC11455,31.3000,281.7055
UGC11455,33.4600,279.5197
UGC11455,35.5300,275.2732
UGC11455,37.7000,270.8835
UGC11455,39.8700,269.4286
UGC11455,41.9300,267.4613
UGC11557,5.9400,111.9532
UGC11557,7.0400,117.4873
UGC11557,8.8000,123.4205
UGC11557,10.5600,121.6068
UGC11820,5.2600,61.5381
UGC11820,7.9100,78.1492
UGC11820,10.5200,90.6205
UGC11820,13.1400,94.1082
UGC11820,15.8200,97.4472
UGC11914,0.6500,210.3434
UGC11914,0.7500,215.4082
UGC11914,0.8400,221.0163
UGC11914,0.9300,227.1751
UGC11914,1.0300,233.2683
UGC11914,1.1200,237.8576
UGC11914,1.2100,241.6348
UGC11914,1.3000,244.5521
UGC11914,1.4100,247.2685
UGC11914,1.5000,249.0072
UGC11914,1.5900,250.4370
UGC11914,1.6800,251.5117
UGC11914,1.7800,252.4185
UGC11914,1.8700,253.0342
UGC11914,1.9600,253.6417
UGC11914,2.0500,254.3478
UGC11914,2.1600,255.1937
UGC11914,2.2500,255.8668
UGC11914,2.3400,256.5568
UGC11914,2.4300,257.3761
UGC11914,2.4600,257.6986
UGC11914,2.5300,258.4085
UGC11914,2.6200,259.2701
UGC11914,2.7100,260.2076
UGC11914,2.8000,261.0232
UGC11914,2.9900,262.2741
UGC11914,3.2800,263.3696
UGC11914,3.7400,263.5074
UGC11914,3.8300,263.3977
UGC11914,4.0200,263.1948
UGC11914,4.0900,263.0765
UGC11914,4.1200,263.0227
UGC11914,4.3000,262.5725
UGC11914,4.3900,262.2507
UGC11914,4.4900,261.9257
UGC11914,4.5800,261.6100
UGC11914,4.8700,260.5606
UGC11914,4.9100,260.4128
UGC11914,4.9600,260.2257
UGC11914,5.0500,259.9236
UGC11914,5.1400,259.5955
UGC11914,5.2400,259.2467
UGC11914,5.3300,258.9212
UGC11914,5.4200,258.6193
UGC11914,5.5100,258.3074
UGC11914,5.6100,258.0180
UGC11914,5.7100,257.8011
UGC11914,5.8000,257.6083
UGC11914,5.8900,257.3934
UGC11914,5.9800,257.2158
UGC11914,6.0800,257.0012
UGC11914,6.1500,256.8887
UGC11914,6.1700,256.8671
UGC11914,6.2600,256.7121
UGC11914,6.3500,256.5535
UGC11914,6.7300,255.8073
UGC11914,6.8300,255.5747
UGC11914,6.9200,255.3525
UGC11914,7.3700,254.0345
UGC11914,8.6000,248.6405
UGC11914,9.8300,241.8983
UGC12506,4.1000,117.5162
UGC12506,5.7400,136.1139
UGC12506,7.3800,149.8835
UGC12506,9.0200,165.2110
UGC12506,10.6500,177.3227
UGC12506,12.2900,186.4826
UGC12506,13.9300,193.0350
UGC12506,15.5700,200.4817
UGC12506,17.2100,207.2205
UGC12506,18.8500,211.4140
UGC12506,20.4900,213.3838
UGC12506,22.1300,214.5521
UGC12506,23.7700,214.6043
UGC12506,25.4100,214.1756
UGC12506,27.0500,214.7987
UGC12506,28.6800,216.8565
UGC12506,30.3200,219.1922
UGC12506,31.9600,220.5335
UGC12506,33.6000,219.8013
UGC12506,35.2400,218.6318
UGC12506,36.8800,218.7662
UGC12506,40.1600,222.2789
UGC12506,41.8000,223.0128
UGC12506,43.4400,223.9680
UGC12506,45.0800,226.6392
UGC12506,46.7100,227.1699
UGC12506,48.3500,231.5852
UGC12506,49.9900,236.4971
UGC12632,2.1400,42.1481
UGC12632,2.8500,48.9572
UGC12632,3.5500,52.8997
UGC12632,4.2600,56.0571
UGC12632,4.9700,60.2171
UGC12632,5.6900,63.5500
UGC12632,6.4000,68.5377
UGC12632,7.1100,73.0072
UGC12632,7.8200,77.9148
UGC12632,8.5200,81.0288
UGC12632,9.2500,83.3013
UGC12632,9.9500,86.0497
UGC12632,10.6600,88.1340
UGC12732,0.9600,31.1044
UGC12732,1.9200,43.2021
UGC12732,2.8800,51.2208
UGC12732,3.8400,58.2567
UGC12732,4.8000,62.2804
UGC12732,5.7600,67.3791
UGC12732,6.7200,71.9916
UGC12732,7.6800,73.6788
UGC12732,8.6400,78.0766
UGC12732,9.6000,81.2962
UGC12732,10.6000,84.7592
UGC12732,11.5000,89.4170
UGC12732,12.5000,95.2127
UGC12732,13.4000,100.1121
UGC12732,14.4000,105.1143
UGC12732,15.4000,108.8387
UGCA442,1.2600,33.5821
UGCA442,2.1100,46.1519
UGCA442,2.9600,52.7400
UGCA442,3.7900,55.9397
UGCA442,4.6500,56.7073
UGCA442,5.4800,55.3354
UGCA442,6.3300,53.8457
